q_id,q_status,q_date,prop_date,on_date,wd_date,ia_date,IA_status_raw,IA_status_clean,county,state,county_state_pairs,fips_codes,poi_name,region,project_name,utility,entity,developer,cluster,service,project_type,type1,type2,type3,mw1,mw2,mw3,type_clean,q_year,prop_year
23INR0368,active,45203,46479,,,,"SS Completed, FIS Started, No IA",Facility Study,Parker,TX,"Parker, TX",48367,"Tap the 345 kV Parker Switch (bus#1436) _x0013_ Comanche Peak SES (bus#1900) Double-Circuit line, Circuit 1.",ERCOT,Rocking X Solar,,ERCOT,7100 Tin Top LLC,,,Generation,Solar,,,602.2,,,Solar,2023.0,2027
23INR0411,withdrawn,45061,45809,,45463,,FIS,Facility Study,Austin,TX,"Austin, TX",48015,tap 138kV 44700 Gebhardt - 44740 Wallis circuit 65,ERCOT,SkySealy2,,ERCOT,"Sky Global Power 2, LLC",,,Generation,Gas,,,150.0,,,Gas,2023.0,2025
23INR0561,active,44998,46722,,,,"SS Completed, FIS Started, No IA",Facility Study,Zapata,TX,"Zapata, TX",48505,345 kV Rapido Substation (New ETT Substation) tapping the existing 345 kV Line from CENIZO7C (#80225) to DELSOL7C (#80307).,ERCOT,Cascabel Wind 2,,ERCOT,"Vaquero Wind Energy, LLC",,,Generation,Wind,,,197.75,,,Wind,2023.0,2027
23INR0637,active,45035,46200,,,43695,"SS Completed, FIS Not Started, IA",IA Executed,Armstrong,TX,"Armstrong, TX",48011,tap 345kV 23900 Alibates - 23914 Tule Canyon CKT2,ERCOT,Goodnight Wind II,,ERCOT,"FGE Goodnight II, LLC",,,Generation,Wind,,,259.2,,,Wind,2023.0,2026
24INR0331,active,44943,46490,,,,"SS Completed, FIS Completed, No IA",Facility Study,Brown,TX,"Brown, TX",48049,Tap 345 kV 1444 BROWN SWITCH - 3424 BUCKHORN SWITCH,ERCOT,Chisme Storage,,ERCOT,"Blue Heron Solar, LLC",,,Generation,Battery,,,146.0,,,Battery,2023.0,2027
24INR0333,active,44943,46490,,,,"SS Completed, FIS Completed, No IA",Facility Study,Brown,TX,"Brown, TX",48049,Tap 345 kV 1444 BROWN SWITCH - 3424 BUCKHORN SWITCH,ERCOT,Chisme Solar,,ERCOT,"Blue Heron Solar, LLC",,,Generation,Solar,,,147.0,,,Solar,2023.0,2027
24INR0374,active,44943,46905,,,,"SS Completed, FIS Started, No IA",Facility Study,Hopkins,TX,"Hopkins, TX",48223,MONTICELLO SES (BUS# 1696) - ALLEN SWITCH (BUS# 2514),ERCOT,Farrier Station Energy Storage,,ERCOT,"Farrier Station Energy Storage Project, LLC",,,Generation,Battery,,,409.9,,,Battery,2023.0,2028
24INR0390,suspended,44943,,,,,,,Brazoria,TX,"Brazoria, TX",48039,,ERCOT,Long Point Solar II,,ERCOT,,,,Generation,Solar,,,100.9,,,Solar,2023.0,
24INR0424,active,44998,46722,,,,"SS Completed, FIS Started, No IA",Facility Study,Zapata,TX,"Zapata, TX",48505,345 kV Rapido Substation (New ETT Substation) tapping the existing 345 kV Line from CENIZO7C (#80225) to DELSOL7C (#80307),ERCOT,Cascabel Wind 1,,ERCOT,"Vaquero Wind Energy, LLC",,,Generation,Wind,,,197.75,,,Wind,2023.0,2027
24INR0437,suspended,45105,,,,,,,Franklin,TX,"Franklin, TX",48159,,ERCOT,Umbra Solar II,,ERCOT,,,,Generation,Solar,,,344.66,,,Solar,2023.0,
24INR0446,active,44984,46507,,,,"SS Completed, FIS Started, No IA",Facility Study,Starr,TX,"Starr, TX",48427,Tap 138kV 8796 Roma _x0013_ 7870 Escobares,ERCOT,PSE Gongora Hill TX Storage,,ERCOT,PureSky Development Inc,,,Generation,Battery,,,200.0,,,Battery,2023.0,2027
24INR0459,active,45117,46143,,,,"SS Completed, FIS Started, No IA",Facility Study,Caldwell,TX,"Caldwell, TX",48055,Tap 345kV 7040 Austrop _x0013_ 7042 Zorn,ERCOT,Exodus BESS,,ERCOT,Exodus Solar LLC,,,Generation,Battery,,,201.36,,,Battery,2023.0,2026
24INR0460,active,44929,45838,,,45183,"SS Completed, FIS Completed, IA",IA Executed,Galveston,TX,"Galveston, TX",48167,Hidden Lakes 138kV (38900),ERCOT,Evelyn Battery Energy Storage System,,ERCOT,Evelyn Energy Storage LLC,,,Generation,Battery,,,221.3,,,Battery,2023.0,2025
24INR0461,active,44949,46356,,,,"SS Completed, FIS Completed, No IA",Facility Study,Waller,TX,"Waller, TX",48473,46560 Waller 138kV,ERCOT,Augie BESS,,ERCOT,"BRP Blue Topaz 5, LLC",,,Generation,Battery,,,200.81,,,Battery,2023.0,2026
24INR0477,active,44984,46022,,,45204,"SS Completed, FIS Completed, IA",IA Executed,Rains,TX,"Rains, TX",48379,Tap 6798 SNYPT_RC - 6797 LNOK_RC 138kV line,ERCOT,Barrett Solar,,ERCOT,"Barrett Solar Project, LLC",,,Generation,Solar,,,125.81,,,Solar,2023.0,2025
24INR0484,active,45192,46286,,,,"SS Completed, FIS Completed, No IA",Facility Study,Franklin,TX,"Franklin, TX",48159,1794 Monticello Tap 138 kV,ERCOT,Lupinus Solar 3,,ERCOT,"Lupinus Solar 2, LLC",,,Generation,Solar,,,100.8,,,Solar,2023.0,2026
24INR0485,active,44949,46843,,,,"SS Completed, FIS Started, No IA",Facility Study,Runnels,TX,"Runnels, TX",48399,Tap 138kV 6340 BALLINGER - 60399 WEISS,ERCOT,Rutile BESS,,ERCOT,"Rutile BESS, LLC",,,Generation,Battery,,,100.65,,,Battery,2023.0,2028
24INR0488,active,44977,46597,,,,"SS Completed, FIS Started, No IA",Facility Study,Taylor,TX,"Taylor, TX",48441,11406 Central Bluff Switch 345 kV,ERCOT,Forts Trail BESS 2,,ERCOT,"JC Central Bluff, LLC",,,Generation,Battery,,,201.2,,,Battery,2023.0,2027
24INR0491,active,44966,45992,,,45191,"SS Completed, FIS Started, IA",IA Executed,Hidalgo,TX,"Hidalgo, TX",48215,8029 CLOSNER4A 138kV,ERCOT,Gunnar BESS,,ERCOT,"BRP Blue Topaz 6, LLC",,,Generation,Battery,,,203.0,,,Battery,2023.0,2025
24INR0495,active,44943,46583,,,,"SS Completed, FIS Completed, No IA",Facility Study,Chambers,TX,"Chambers, TX",48071,40850 JORDAN 345kV,ERCOT,Barbers Hill BESS,,ERCOT,Black Mountain Energy Storage II,,,Generation,Battery,,,307.72,,,Battery,2023.0,2027
24INR0498,active,44929,46497,,,45532,"SS Completed, FIS Started, IA",IA Executed,Tarrant,TX,"Tarrant, TX",48439,Tap 138kV 1933 Kennedale - 2208 Mansfield,ERCOT,Fort Watt Storage,,ERCOT,"Fort Watt Storage, LLC",,,Generation,Battery,,,205.4,,,Battery,2023.0,2027
24INR0500,active,44966,46356,,,,"SS Completed, FIS Completed, No IA",Facility Study,Harris,TX,"Harris, TX",48201,40011 Cedar Bayou 138kV,ERCOT,Claire BESS,,ERCOT,"BRP Blue Topaz 3, LLC",,,Generation,Battery,,,406.01,,,Battery,2023.0,2026
24INR0505,active,44956,46722,,,,"SS Completed, FIS Started, No IA",Facility Study,Zapata,TX,"Zapata, TX",48505,Tap 345kV 80225 CENIZO7C - 80307 DELSOL7C (New ETT Tiempo Substation),ERCOT,Corralitos Wind 1,,ERCOT,"Vaquero Wind Energy, LLC",,,Generation,Wind,,,196.1,,,Wind,2023.0,2027
24INR0506,active,44956,46752,,,,"SS Completed, FIS Started, No IA",Facility Study,Zapata,TX,"Zapata, TX",48505,Tap 345kV 80225 CENIZO7C - 80307 DELSOL7C (New ETT Tiempo Substation),ERCOT,Corralitos Wind 2,,ERCOT,"Vaquero Wind Energy, LLC",,,Generation,Wind,,,195.4,,,Wind,2023.0,2027
24INR0507,active,45049,46089,,,,"SS Completed, FIS Started, No IA",Facility Study,Young,TX,"Young, TX",48503,Oncor's Thomas Price Station (#11523),ERCOT,Young Wind II SLF,,ERCOT,"Young Wind II, LLC",,,Generation,Wind,,,152.28,,,Wind,2023.0,2026
24INR0508,active,44994,46082,,,,"SS Completed, FIS Started, No IA",Facility Study,King,TX,"King, TX",48269,To 345 kV Gauss ( Bus # 60701),ERCOT,White Oak King Wind,,ERCOT,"White Oak Energy, LLC",,,Generation,Wind,,,606.5,,,Wind,2023.0,2026
24INR0514,active,44929,46152,,,45350,"SS Completed, FIS Not Started, IA",IA Executed,Gillespie,TX,"Gillespie, TX",48171,7751 Headwaters substation 138kV,ERCOT,Rogers Draw BESS,,ERCOT,"ROGERS DRAW ENERGY STORAGE, LLC",,,Generation,Battery,,,145.55,,,Battery,2023.0,2026
24INR0519,active,44956,46280,,,,"SS Completed, FIS Started, No IA",Facility Study,Scurry,TX,"Scurry, TX",48415,KNDRSACRC Bus #11130 to Knapp Substation Bus #1310,ERCOT,Roost Energy Storage,,ERCOT,Bluff Creek Energy Storage LLC,,,Generation,Battery,,,102.36,,,Battery,2023.0,2026
24INR0528,active,44966,46157,,,45540,"SS Completed, FIS Not Started, IA",IA Executed,Nueces,TX,"Nueces, TX",48355,Tap 138kV 8452 LON_HILL4A - 8441 NUECES_B4A,ERCOT,Blanquilla BESS,,ERCOT,Blanquilla BESS LLC,,,Generation,Battery,,,200.78,,,Battery,2023.0,2026
24INR0530,active,44984,46188,,,,"SS Completed, FIS Started, No IA",Facility Study,Brazoria,TX,"Brazoria, TX",48039,Tap 138kV 42960 Mustang Bayou - 42100 HUDSON ckt 4,ERCOT,Southside Energy,,ERCOT,"Southside Energy, LLC",,,Generation,Battery,,,101.2,,,Battery,2023.0,2026
24INR0532,active,45068,46478,,,,"SS Completed, FIS Started, No IA",Facility Study,Freestone,TX,"Freestone, TX",48161,Tap 138 kV 212 Winkler - 3510 Pin Oak,ERCOT,Timber Cove Solar SLF,,ERCOT,"Freestone Solar, LLC",,,Generation,Solar,,,100.5,,,Solar,2023.0,2027
24INR0533,active,45084,46265,,,,"SS Completed, FIS Started, IA",IA Executed,Bexar,TX,"Bexar, TX",48029,5395 Sommers 138kV,ERCOT,Padua Grid BESS Unit 2,,ERCOT,"Padua Grid, LLC",,,Generation,Battery,,,150.94,,,Battery,2023.0,2026
24INR0534,active,44993,45915,,,,"SS Completed, FIS Started, No IA",Facility Study,Willacy,TX,"Willacy, TX",48489,5745 E Raymondville 138kV,ERCOT,Lyford Energy,,ERCOT,"Lyford Energy, LLC",,,Generation,Battery,,,101.2,,,Battery,2023.0,2025
24INR0541,active,45012,46522,,,,"SS Completed, FIS Started, No IA",Facility Study,Kinney,TX,"Kinney, TX",48271,Tap 138kV 8252 Brackett4A - 78255  L_PINTCR8_1Y,ERCOT,Kinney County Energy,,ERCOT,"Kinney County Energy,  LLC",,,Generation,Battery,,,101.2,,,Battery,2023.0,2027
24INR0543,active,45084,46510,,,,"SS Completed, FIS Completed, No IA",Facility Study,Lampasas,TX,"Lampasas, TX",48281,Tap 345kV 3424 BUCKHORN SWITCH - 3422 KILLEEN SWITCH,ERCOT,Thomas Cameron BESS,,ERCOT,Thomas Cameron BESS LLC,,,Generation,Battery,,,201.52,,,Battery,2023.0,2027
24INR0544,active,45012,46280,,,,"SS Completed, FIS Started, No IA",Facility Study,Brown,TX,"Brown, TX",48049,Tap 138kV 1654 Zephyr _x0013_ 1655 Brownwood Switch,ERCOT,Wetzel BESS,,ERCOT,"Brown ESS, LLC",,,Generation,Battery,,,185.57,,,Battery,2023.0,2026
24INR0550,active,45061,45939,,,,"SS Completed, FIS Started, No IA",Facility Study,Hidalgo,TX,"Hidalgo, TX",48215,TAP NORTH MERCEDES (BUS #8358) and NORTH WESLACO (BUS# 8357),ERCOT,Mercedes II BESS,,ERCOT,"SMT Mercedes II, LLC",,,Generation,Battery,,,227.87,,,Battery,2023.0,2025
24INR0558,active,45035,46188,,,,"SS Completed, FIS Started, No IA",Facility Study,Hidalgo,TX,"Hidalgo, TX",48215,Tap 138kV 88380 RGTAP4A - 8896 RACHAL4A,ERCOT,Parthenon Energy,,ERCOT,"Parthenon Energy, LLC",,,Generation,Battery,,,101.2,,,Battery,2023.0,2026
24INR0559,active,45035,46188,,,,"SS Completed, FIS Started, No IA",Facility Study,Brazoria,TX,"Brazoria, TX",48039,Tap 138kV 402410 BURKE_POI_8 - 42430 EGLNST_POI_8 CKT#02,ERCOT,Nerva Energy Storage,,ERCOT,"Nerva Energy Storage, LLC",,,Generation,Battery,,,101.2,,,Battery,2023.0,2026
24INR0567,active,45084,46173,,,,"SS Completed, FIS Completed, No IA",Facility Study,Hood,TX,"Hood, TX",48221,1877 Mitchell Bend 345KV,ERCOT,Wolf Hollow III (TEF-Due Diligence),,ERCOT,Wolf Hollow II Power LLC,,,Generation,Gas,,,306.32,,,Gas,2023.0,2026
24INR0569,active,45061,46188,,,,"SS Completed, FIS Started, No IA",Facility Study,Wharton,TX,"Wharton, TX",48481,Line Tap 138kV #43012 NEWGLF60T3_8 - #43190 S_LANE_B138,ERCOT,Hadrian Energy Storage,,ERCOT,"Hadrian Energy Storage, LLC",,,Generation,Battery,,,101.2,,,Battery,2023.0,2026
24INR0570,active,45084,46266,,,,"SS Completed, FIS Completed, No IA",Facility Study,Brazoria,TX,"Brazoria, TX",48039,Tap 138kV 39500 West Columbia Main - 110505 Sweeny Co-Gen LP Ckt 1,ERCOT,Marcus Energy Storage,,ERCOT,"Marcus Energy Storage, LLC",,,Generation,Battery,,,201.04,,,Battery,2023.0,2026
24INR0572,active,45105,46569,,,,"SS Completed, FIS Started, No IA",Facility Study,Cameron,TX,"Cameron, TX",48061,8320 WEST HARLINGEN 69kV,ERCOT,Harlingen III BESS,,ERCOT,SMT Harlingen III LLC,,,Generation,Battery,,,110.0,,,Battery,2023.0,2027
24INR0576,active,45264,46527,,,,"SS Completed, FIS Started, No IA",Facility Study,Wharton,TX,"Wharton, TX",48481,43340 Gulftie 138kV,ERCOT,Boling Generation (TEF-Due Diligience),,ERCOT,Boling Generation,,,Generation,Gas,,,400.0,,,Gas,2023.0,2027
24INR0584,active,45117,46176,,,45603,"SS Completed, FIS Completed, IA",IA Executed,Harris,TX,"Harris, TX",48201,44140 CLODINE 138kV,ERCOT,Houston IV BESS,,ERCOT,SMT Houston IV LLC,,,Generation,Battery,,,168.6,,,Battery,2023.0,2026
24INR0589,active,45105,46188,,,,"SS Completed, FIS Started, No IA",Facility Study,Wharton,TX,"Wharton, TX",48481,Tap 138kV #43190 S_LANE_B138 - #42985 DYANN_POI_8 Transmission Line.,ERCOT,Antoninus Energy Storage,,ERCOT,"Antoninus Energy Storage, LLC",,,Generation,Battery,,,101.2,,,Battery,2023.0,2026
24INR0616,active,45191,46496,,,,"SS Completed, FIS Started, No IA",Facility Study,Bell,TX,"Bell, TX",48027,3412 TEMPLE PECAN CREEK 345kV,ERCOT,GridGuardian BESS,,ERCOT,SMT Temple BESS LLC,,,Generation,Battery,,,227.99,,,Battery,2023.0,2027
24INR0617,active,45192,46357,,,,"SS Completed, FIS Started, No IA",Facility Study,Maverick,TX,"Maverick, TX",48323,8267 GANSO Substation 138kV,ERCOT,Serrano Storage,,ERCOT,"Maverick ESS, LLC",,,Generation,Battery,,,185.59,,,Battery,2023.0,2026
25INR0126,withdrawn,45224,46203,,45224,,FIS & SS Incomplete,Facility Study,Grimes,TX,"Grimes, TX",48185,44645 Singleton 345kV,ERCOT,Bedias Solar Park,,ERCOT,Misae Energy III,,,Generation,Solar,,,400.0,,,Solar,2023.0,2026
25INR0147,active,45084,46539,,,,"SS Completed, FIS Started, No IA",Facility Study,Robertson,TX,"Robertson, TX",48395,Tap 345kV 967 Gibbons Creek - 3400 Twin Oak,ERCOT,Holly Branch Solar,,ERCOT,"Holly Branch Solar, LLC",,,Generation,Solar,,,231.12,,,Solar,2023.0,2027
25INR0148,active,45084,46539,,,,"SS Completed, FIS Started, No IA",Facility Study,Robertson,TX,"Robertson, TX",48395,Tap 345kV 967 Gibbons Creek - 3400 Twin Oak,ERCOT,Holly Branch Storage,,ERCOT,"Holly Branch Solar, LLC",,,Generation,Battery,,,115.32,,,Battery,2023.0,2027
25INR0196,active,44977,46597,,,,"SS Completed, FIS Completed, No IA",Facility Study,Scurry,TX,"Scurry, TX",48415,Tap 345 kV TONKAWAW_5 (11048) _x0013_ SCURCNTYS_5 (11318) Circuit #2,ERCOT,Inadale Solar,,ERCOT,"Inadale Solar, LLC",,,Generation,Solar,,,281.03,,,Solar,2023.0,2027
25INR0197,active,44977,46597,,,,"SS Completed, FIS Completed, No IA",Facility Study,Scurry,TX,"Scurry, TX",48415,Tap 345 kV TONKAWAW_5 (11048) _x0013_ SCURCNTYS_5 (11318) Circuit #2,ERCOT,Inadale BESS,,ERCOT,"Inadale BESS, LLC",,,Generation,Battery,,,286.66,,,Battery,2023.0,2027
25INR0208,active,44929,46234,,,44942,"SS Completed, FIS Started, IA",IA Executed,Borden,TX,"Borden, TX",48033,Long Draw (# 59900) - Volta (#59910) 345kV,ERCOT,Iron Belt Energy Storage,,ERCOT,"Iron Belt Energy Storage Project, LLC",,,Generation,Battery,,,401.9,,,Battery,2023.0,2026
25INR0210,withdrawn,44977,46204,,45343,,FIS,Facility Study,Jones,TX,"Jones, TX",48253,Kirchhoff Substation (PTI#60704),ERCOT,Fox Run Energy Storage,,ERCOT,"Fox Run Energy Project, LLC",,,Generation,Other,,,301.36,,,Other,2023.0,2026
25INR0225,active,45105,46568,,,,"SS Completed, FIS Started, No IA",Facility Study,Concho,TX,"Concho, TX",48095,Tap 345kV 7077 Amos Creek - 6444 San Angelo Red Creek and 7077 Amos Creek - 76009 Twin Buttes,ERCOT,Lucy Solar,,ERCOT,Concho County Solar 1 LLC,,,Generation,Solar,,,351.3,,,Solar,2023.0,2027
25INR0235,active,44993,46539,,,,"SS Completed, FIS Completed, No IA",Facility Study,Brazoria,TX,"Brazoria, TX",48039,Tap 345kV 43180 Savanna - 43020 Seabreeze Ckt 27 AND 43035 Oasis -  43060 Speedway Ckt 18,ERCOT,Austin Bayou Storage I,,ERCOT,"Austin Bayou Solar, LLC",,,Generation,Battery,,,150.68,,,Battery,2023.0,2027
25INR0236,active,44993,46539,,,,"SS Completed, FIS Completed, No IA",Facility Study,Brazoria,TX,"Brazoria, TX",48039,Tap 345kV 43180 Savanna - 43020 Seabreeze Ckt 27 AND 43035 Oasis - 43060 Speedway Ckt 18,ERCOT,Austin Bayou Storage II,,ERCOT,"Austin Bayou Solar, LLC",,,Generation,Battery,,,150.68,,,Battery,2023.0,2027
25INR0237,active,44993,46539,,,,"SS Completed, FIS Completed, No IA",Facility Study,Brazoria,TX,"Brazoria, TX",48039,Tap 345kV 43180 Savanna - 43020 Seabreeze Ckt 27 AND 43035 Oasis - 43060 Speedway Ckt 18,ERCOT,Austin Bayou Storage III,,ERCOT,"Austin Bayou Solar, LLC",,,Generation,Battery,,,150.68,,,Battery,2023.0,2027
25INR0238,active,45061,46002,,,,"SS Completed, FIS Started, No IA",Facility Study,Collin,TX,"Collin, TX",48085,Tap 138kV Swindell (812) - Olinger (818),ERCOT,Little Ridge Storage,,ERCOT,TX BESS B LLC,,,Generation,Battery,,,252.0,,,Battery,2023.0,2025
25INR0239,active,45072,46203,,,,"SS Completed, FIS Started, No IA",Facility Study,Hidalgo,TX,"Hidalgo, TX",48215,Tap 138kV (5784) Redgtss - (8380) Nedina,ERCOT,Big Five Storage,,ERCOT,TX BESS 3 LLC,,,Generation,Battery,,,102.18,,,Battery,2023.0,2026
25INR0241,active,45068,45809,,,,"SS Completed, FIS Started, No IA",Facility Study,Starr,TX,"Starr, TX",48427,Tap 138kV 8957 Central Lopeno - 80106 Falcon Dam,ERCOT,Halcon Storage,,ERCOT,TX BESS A LLC,,,Generation,Battery,,,132.65,,,Battery,2023.0,2025
25INR0257,withdrawn,44956,46204,,45468,,FIS,Facility Study,Wharton,TX,"Wharton, TX",48481,tap138kV #43190 South Lane City to #42985 Dyann Ckt 60,ERCOT,OCI SunRoper ESS,,ERCOT,OCI SunRoper LLC,,,Generation,Other,,,265.6,,,Other,2023.0,2026
25INR0273,active,45264,47088,,,,"SS Completed, FIS Started, No IA",Facility Study,Karnes,TX,"Karnes, TX",48255,Tap 138kV 8153 Rosata Tap (Bus# ) - 8186 Kenedy Switch,ERCOT,Horse Wrangler Solar,,ERCOT,"Horse Wrangler Solar Project, LLC",,,Generation,Solar,,,251.33,,,Solar,2023.0,2028
25INR0274,active,45260,47088,,,,"SS Completed, FIS Started, No IA",Facility Study,Karnes,TX,"Karnes, TX",48255,Tap 138kV 8153 Rosata Tap  - 8186 Kenedy Switch  Ckt 1,ERCOT,Horse Wrangler Storage,,ERCOT,"Horse Wrangler Solar Project, LLC",,,Generation,Battery,,,102.07,,,Battery,2023.0,2028
25INR0280,active,44966,46512,,,,"SS Completed, FIS Started, No IA",Facility Study,Gonzales,TX,"Gonzales, TX",48177,Tap 345 kV 5133 Elm Creek - 5915 South Texas Project,ERCOT,Nockenut Springs Solar 5,,ERCOT,"Pecan Springs Energy, LLC",,,Generation,Solar,,,201.15,,,Solar,2023.0,2027
25INR0281,active,44929,46703,,,,"SS Completed, FIS Completed, No IA",Facility Study,Bell,TX,"Bell, TX",48027,Tap 138kV 115 Ding Dong - 3630 Copperas Cove Tu,ERCOT,Cosper Solar,,ERCOT,Gransolar Texas Twenty LLC,,,Generation,Solar,,,148.16,,,Solar,2023.0,2027
25INR0282,active,44929,46174,,,45525,"SS Completed, FIS Completed, IA",IA Executed,Castro,TX,"Castro, TX",48069,Ozark Trail Switch 345kV substation (Bus #23901),ERCOT,Hornet Solar II SLF,,ERCOT,Hornet Solar II LLC,,,Generation,Solar,,,208.95,,,Solar,2023.0,2026
25INR0284,active,44956,46905,,,,"SS Completed, FIS Started, No IA",Facility Study,Rusk,TX,"Rusk, TX",48401,Martin Lake Switch (3100) _x0013_ Elkton (3105) 345 kV Line,ERCOT,Railway BESS,,ERCOT,"Grand Reserve Energy, LLC",,,Generation,Battery,,,254.8,,,Battery,2023.0,2028
25INR0286,active,44929,47026,,,,"SS Completed, FIS Started, No IA",Facility Study,Madison,TX,"Madison, TX",48313,Tap 345kV 46020 Limestone Plant - 967 Gibbons Creek,ERCOT,Savannah Oaks Solar,,ERCOT,Savannah Oaks Solar Project LLC,,,Generation,Solar,,,200.97,,,Solar,2023.0,2028
25INR0288,active,44929,47026,,,,"SS Completed, FIS Started, No IA",Facility Study,Robertson,TX,"Robertson, TX",48395,Tap 345kV 975 Jack Creek - 3400 Twin Oak,ERCOT,Buffalo Prairie Storage,,ERCOT,"Buffalo Meadow Energy Center, LLC",,,Generation,Battery,,,313.51,,,Battery,2023.0,2028
25INR0290,withdrawn,44977,46204,,45607,,FIS,Facility Study,Zavala,TX,"Zavala, TX",48507,,ERCOT,OCI SunShiner Solar,,ERCOT,OCI SunShiner LLC,,,Generation,Solar,,,130.0,,,Solar,2023.0,2026
25INR0293,active,45212,46143,,,45656,"SS Completed, FIS Completed, IA",IA Executed,Wharton,TX,"Wharton, TX",48481,138 kV Danevang Switching Station (Bus# 5546),ERCOT,TOCE BESS 1,,ERCOT,"TOCE BESS 1, LLC",,,Generation,Battery,,,205.2,,,Battery,2023.0,2026
25INR0297,active,44993,46293,,,,"SS Completed, FIS Completed, No IA",Facility Study,Falls,TX,"Falls, TX",48145,TAP 345 KV  LINE  FROM TRADINGHOUSE (#3405) TO TEMPLE PECAN CREEK (#3412) SUBSTATIONS,ERCOT,RIVERBEND SOLAR SLF,,ERCOT,"Riverbend Renewables, LLC",,,Generation,Solar,,,301.0,,,Solar,2023.0,2026
25INR0300,active,45012,45951,,,45159,"SS Completed, FIS Completed, IA",IA Executed,Galveston,TX,"Galveston, TX",48167,To the 138 kV League City Substation (#38920),ERCOT,Wizard BESS,,ERCOT,"Wizard Energy Storage, LLC",,,Generation,Battery,,,150.82,,,Battery,2023.0,2025
25INR0301,active,45084,46490,,,,"SS Completed, FIS Completed, No IA",Facility Study,Ector,TX,"Ector, TX",48135,1027 Odessa EHV Switch 138 kV,ERCOT,Van Zandt Energy Storage,,ERCOT,"Rocky Mountain Energy Holdings, LLC",,,Generation,Battery,,,256.58,,,Battery,2023.0,2027
25INR0306,active,44943,46660,,,,"SS Completed, FIS Started, No IA",Facility Study,Young,TX,"Young, TX",48503,Tap 138kV 1431 Graham SES - Short Grass 11525,ERCOT,Red Top Solar I,,ERCOT,"Cat Red Top Solar, LLC",,,Generation,Solar,,,200.59,,,Solar,2023.0,2027
25INR0310,active,45023,46357,,,,"SS Completed, FIS Started, No IA",Facility Study,Galveston,TX,"Galveston, TX",48167,38740 Heights Substation 138kV,ERCOT,IEP Blackhawk,,ERCOT,"IEP Texas Verde II, llc",,,Generation,Battery,,,100.0,,,Battery,2023.0,2026
25INR0313,active,44998,46905,,,45594,"SS Completed, FIS Completed, IA",IA Executed,Lubbock,TX,"Lubbock, TX",48303,345kV Dunbar Double Mountain Switch (Bus# 23928),ERCOT,Staked Plains BESS,,ERCOT,"Grand Reserve Energy, LLC",,,Generation,Battery,,,254.8,,,Battery,2023.0,2028
25INR0318,active,45138,46173,,,,"SS Completed, FIS Started, No IA",Facility Study,Grayson,TX,"Grayson, TX",48181,12677 Haggerty Switch 138kV,ERCOT,Silver Fox Solar,,ERCOT,Industrial Lima Project LLC,,,Generation,Solar,,,101.2,,,Solar,2023.0,2026
25INR0319,active,44977,46583,,,45567,"SS Completed, FIS Started, IA",IA Executed,Wharton,TX,"Wharton, TX",48481,The 138 kV El Campo (#8102) - Pulsar (#8192) Line; AEP.,ERCOT,Northington Solar,,ERCOT,"Northington Solar, LLC",,,Generation,Solar,,,129.81,,,Solar,2023.0,2027
25INR0320,active,44998,46568,,,,"SS Completed, FIS Started, No IA",Facility Study,Leon,TX,"Leon, TX",48289,Tap 345kV 3391Jewett - 44645 Singleton,ERCOT,Normangee Solar,,ERCOT,Normangee Solar LLC,,,Generation,Solar,,,120.68,,,Solar,2023.0,2027
25INR0321,active,44943,46631,,,,"SS Completed, FIS Started, No IA",Facility Study,Webb,TX,"Webb, TX",48479,138kV Bruni 8297,ERCOT,El Molino Solar SLF,,ERCOT,"El Molino Solar, LLC",,,Generation,Solar,,,201.32,,,Solar,2023.0,2027
25INR0328,active,44949,45668,,,45125,"SS Completed, FIS Completed, IA",IA Executed,Brazoria,TX,"Brazoria, TX",48039,42875 Danbury 138kV,ERCOT,Longbow BESS,,ERCOT,"Longbow BESS, LLC",,,Generation,Battery,,,180.8,,,Battery,2023.0,2025
25INR0329,active,44993,46095,,,45391,"SS Completed, FIS Started, IA",IA Executed,Nueces,TX,"Nueces, TX",48355,138KV Tap 8921 Terra Verde - 8518 Kingsville,ERCOT,Project Lynx BESS,,ERCOT,"Corpus Battery Storage, LLC",,,Generation,Battery,,,125.36,,,Battery,2023.0,2026
25INR0330,active,44977,46296,,,,"SS Completed, FIS Completed, No IA",Facility Study,Brazoria,TX,"Brazoria, TX",48039,tap 138kV 42960 Mustang Bayou _x0013_ 42100 Hudson CKT#04,ERCOT,Clutch City Solar Phase II,,ERCOT,"HZ SOLAR I, LLC",,,Generation,Solar,,,251.27,,,Solar,2023.0,2026
25INR0331,active,44984,47026,,,,"SS Completed, FIS Started, No IA",Facility Study,Robertson,TX,"Robertson, TX",48395,Tap Jack Creek (975) - Twin Oak (3400) 345kV line,ERCOT,Buffalo Meadow Solar,,ERCOT,"Buffalo Meadow Energy Center, LLC",,,Generation,Solar,,,251.27,,,Solar,2023.0,2028
25INR0337,active,45278,46419,,,,"SS Completed, FIS Started, No IA",Facility Study,Bell,TX,"Bell, TX",48027,Tap 138 kV - Bell County #133 to Bartlett Switch #114,ERCOT,Butcherbird Solar,,ERCOT,"Butcherbird Solar, LLC",,,Generation,Solar,,,116.0,,,Solar,2023.0,2027
25INR0338,active,44966,46873,,,,"SS Completed, FIS Started, No IA",Facility Study,Howard,TX,"Howard, TX",48227,Tap 138 kV 1326 Stanton East _x0013_ 11324 Leatherwood Pod,ERCOT,Les Energy Storage,,ERCOT,"Rocky Mountain Energy Development, LLC",,,Generation,Battery,,,205.13,,,Battery,2023.0,2028
25INR0339,active,44956,46069,,,,"SS Completed, FIS Started, No IA",Facility Study,Tom Green,TX,"Tom Green, TX",48451,Tap 138 kV #76320 Schkade -  #76011 Twin Buttes Line; LCRA,ERCOT,Fort Concho Energy storage,,ERCOT,"Rocky Mountain Energy Development, LLC",,,Generation,Battery,,,251.15,,,Battery,2023.0,2026
25INR0342,active,44956,46736,,,,"SS Completed, FIS Started, No IA",Facility Study,Leon,TX,"Leon, TX",48289,Tap 138kV 6735 Pleasant Springs Switching Station - 6736 Middl,ERCOT,Nickel Spruce Solar,,ERCOT,Nickel Spruce Solar LLC,,,Generation,Solar,,,150.0,,,Solar,2023.0,2027
25INR0346,active,44998,47214,,,,"SS Completed, FIS Started, No IA",Facility Study,Bexar,TX,"Bexar, TX",48029,Tap 138 kV Line from Braunig East (#5030) to Highland Hills (#5205) Ckt. 1,ERCOT,Cado Storage,,ERCOT,"Cado Storage, LLC",,,Generation,Battery,,,205.51,,,Battery,2023.0,2029
25INR0347,active,45068,46113,,,,"SS Completed, FIS Started, No IA",Facility Study,Brazos,TX,"Brazos, TX",48041,Tap 69kV 32864 BRYN_ATK69 to 32873 BRYN SHADY,ERCOT,Cadet Storage,,ERCOT,"TX BESS 5, LLC",,,Generation,Battery,,,104.42,,,Battery,2023.0,2026
25INR0353,active,44977,46204,,,,"SS Completed, FIS Started, No IA",Facility Study,Gillespie,TX,"Gillespie, TX",48171,"New POI station between 7132 L_GILLES8_1Y - 7126 L_FERGUS8_1Y 138kV line and 7132 L_GILLES8_1Y - 7128 L_HORSBA8_1Y 138kV line, then loop in both lines into the new POI station.",ERCOT,Marshall Spring Solar,,ERCOT,"Marshall Springs Solar, LLC",,,Generation,Solar,,,150.0,,,Solar,2023.0,2026
25INR0354,active,44977,46204,,,,"SS Completed, FIS Started, No IA",Facility Study,Gillespie,TX,"Gillespie, TX",48171,"New POI station between 7132 L_GILLES8_1Y - 7126 L_FERGUS8_1Y 138kV line and 7132 L_GILLES8_1Y - 7128 L_HORSBA8_1Y 138kV line, then loop in both lines into the new POI station.",ERCOT,Marshall Spring Storage,,ERCOT,"Marshall Springs Storage, LLC",,,Generation,Battery,,,150.0,,,Battery,2023.0,2026
25INR0361,active,45012,46645,,,,"SS Completed, FIS Started, No IA",Facility Study,Howard,TX,"Howard, TX",48227,Tap 138kV 11324 Leatherwood POD  - 1326 Stanton East Switch,ERCOT,Wallie Storage,,ERCOT,"Wallie Storage, LLC",,,Generation,Battery,,,205.4,,,Battery,2023.0,2027
25INR0363,active,44984,46279,,,,"SS Completed, FIS Completed, No IA",Facility Study,Dallas,TX,"Dallas, TX",48113,Desoto Switch (2431) - Cedar Hill Switch (2420) 345kV Line,ERCOT,Emerald Hill Energy Storage,,ERCOT,Emerald Hill Energy Storage LLC,,,Generation,Battery,,,261.02,,,Battery,2023.0,2026
25INR0368,active,45023,46387,,,,"SS Completed, FIS Completed, No IA",Facility Study,Lamar,TX,"Lamar, TX",48277,Tap 138kV Hawk Hollow Switch (#11768) and Lamar Blossom Switch (#11770),ERCOT,Echols Creek Solar,,ERCOT,"BT Ferguson Solar, LLC",,,Generation,Solar,,,201.15,,,Solar,2023.0,2026
25INR0369,active,45023,46387,,,,"SS Completed, FIS Completed, No IA",Facility Study,Lamar,TX,"Lamar, TX",48277,Tap 138kV Hawk Hollow Switch (#11768) and Lamar Blossom Switch (#11770),ERCOT,Echols Creek Storage,,ERCOT,"BT Ferguson Solar, LLC",,,Generation,Battery,,,100.57,,,Battery,2023.0,2026
25INR0370,active,45012,46490,,,,"SS Completed, FIS Completed, No IA",Facility Study,Rains,TX,"Rains, TX",48379,tap 138kV Emory North 3171 to Liberty POD 1723,ERCOT,Willis Storage,,ERCOT,"BT Willis Storage, LLC",,,Generation,Battery,,,176.13,,,Battery,2023.0,2027
25INR0371,active,44998,46272,,,,"SS Completed, FIS Completed, No IA",Facility Study,Hunt,TX,"Hunt, TX",48231,tap 138kV 1819 Commerce South - 1815 Cumby Tap,ERCOT,McMurtre Storage,,ERCOT,"BT McMurtre Storage, LLC",,,Generation,Battery,,,176.13,,,Battery,2023.0,2026
25INR0372,active,44993,46022,,,,"SS Completed, FIS Completed, No IA",Facility Study,Fort Bend,TX,"Fort Bend, TX",48157,42380 Needville 138kV,ERCOT,Elan BESS,,ERCOT,"Elan BESS, LLC",,,Generation,Battery,,,202.65,,,Battery,2023.0,2025
25INR0373,active,44998,46338,,,,"SS Completed, FIS Started, No IA",Facility Study,Jones,TX,"Jones, TX",48253,Tap 345kV 6235 Mulberry Creek _x0013_ 60791 Perigee,ERCOT,LARISA BESS,,ERCOT,ME USA PROJECT II LLC,,,Generation,Battery,,,418.49,,,Battery,2023.0,2026
25INR0375,active,44998,46357,,,,"SS Completed, FIS Started, No IA",Facility Study,Nueces,TX,"Nueces, TX",48355,8858 MCKENZIE4A 138kV,ERCOT,NavBoot BESS,,ERCOT,Navboot BESS LLC,,,Generation,Battery,,,303.7,,,Battery,2023.0,2026
25INR0376,active,45049,45908,,,,"SS Completed, FIS Started, No IA",Facility Study,Hidalgo,TX,"Hidalgo, TX",48215,85005 ELGATO4A 138 kV,ERCOT,Hawkins BESS,,ERCOT,"BRP BLUE TOPAZ 7, LLC",,,Generation,Battery,,,150.43,,,Battery,2023.0,2025
25INR0380,active,45061,45901,,,,"SS Completed, FIS Started, No IA",Facility Study,Hidalgo,TX,"Hidalgo, TX",48215,5754 Aderhold 138kV,ERCOT,Fike BESS,,ERCOT,"BRP Blue Topaz 9, LLC",,,Generation,Battery,,,200.8,,,Battery,2023.0,2025
25INR0384,active,45012,46022,,,,"SS Completed, FIS Completed, No IA",Facility Study,Van Zandt,TX,"Van Zandt, TX",48467,138 kV Ben Wheeler (Bus# 6852),ERCOT,Zorro BESS,,ERCOT,UR-Silo DevCo LLC,,,Generation,Battery,,,153.69,,,Battery,2023.0,2025
25INR0385,active,45035,45992,,,,"SS Completed, FIS Started, No IA",Facility Study,Cameron,TX,"Cameron, TX",48061,5764 East Rio Hondo Substation 138kV,ERCOT,Bobcat Cameron BESS,,ERCOT,"Bobcat BESS, LLC",,,Generation,Battery,,,200.78,,,Battery,2023.0,2025
25INR0386,active,45068,45901,,,,"SS Completed, FIS Started, No IA",Facility Study,Cameron,TX,"Cameron, TX",48061,8950 Olmito 138kV,ERCOT,Diaz BESS,,ERCOT,"BRP Blue Topaz 10, LLC",,,Generation,Battery,,,241.48,,,Battery,2023.0,2025
25INR0389,active,44998,45901,,,45401,"SS Completed, FIS Completed, IA",IA Executed,Milam,TX,"Milam, TX",48331,Tap 345 kV 13429 SANDOW SWITCH - 7040 AUSTROP CKT 2,ERCOT,Stoneridge BESS,,ERCOT,"Stoneridge Solar, LLC",,,Generation,Battery,,,101.9,,,Battery,2023.0,2025
25INR0390,active,45105,46538,,,,"SS Completed, FIS Started, No IA",Facility Study,Starr,TX,"Starr, TX",48427,Tap 138kV 8793 RIO GRANDE CITY - 8806 LAS LOMAS,ERCOT,Macho Creek BESS,,ERCOT,"Macho Creek BESS, LLC",,,Generation,Battery,,,150.56,,,Battery,2023.0,2027
25INR0391,active,44993,46537,,,45576,"SS Completed, FIS Completed, IA",IA Executed,Collin,TX,"Collin, TX",48085,Anna 345 kV Bus# 2373.,ERCOT,Purple Sage BESS 1,,ERCOT,"Purple Sage, LLC",,,Generation,Battery,,,156.0,,,Battery,2023.0,2027
25INR0392,active,44993,46537,,,45576,"SS Completed, FIS Completed, IA",IA Executed,Collin,TX,"Collin, TX",48085,Anna 345 kV Bus# 2373,ERCOT,Purple Sage BESS 2,,ERCOT,"Purple Sage, LLC",,,Generation,Battery,,,156.0,,,Battery,2023.0,2027
25INR0393,active,45012,45807,,,,"SS Completed, FIS Started, No IA",Facility Study,Montgomery,TX,"Montgomery, TX",48339,Tap 345kV 44645 Singleton - 46500 Tomball Ckt 74,ERCOT,MICOT BESS,,ERCOT,UR-Silo DevCo LLC,,,Generation,Battery,,,150.0,,,Battery,2023.0,2025
25INR0396,active,45072,46614,,,,"SS Completed, FIS Completed, No IA",Facility Study,Martin,TX,"Martin, TX",48317,Tap 138kV 11368 Expanse Switch _x0013_ 23841 Sale Ranch,ERCOT,Stewart Grady BESS,,ERCOT,Grady BESS,,,Generation,Battery,,,150.5,,,Battery,2023.0,2027
25INR0399,active,45072,46354,,,,"SS Completed, FIS Started, No IA",Facility Study,Ellis,TX,"Ellis, TX",48139,tap VENUS SWITCH (#1907) _x0013_ SAM SWITCH (#68090) 345 kV line,ERCOT,Blossomheath BESS,,ERCOT,Taurbeng LLC,,,Generation,Battery,,,300.78,,,Battery,2023.0,2026
25INR0400,active,45125,46569,,,45261,"SS Completed, FIS Started, IA",IA Executed,Scurry,TX,"Scurry, TX",48415,Tap 345kV 59900 Long Draw - 11318 Scurry County South and 345kV 59905 Faraday - 11318 Scurry County South,ERCOT,Maldives Solar (Alternate POI),,ERCOT,Maldives Solar LLC,,,Generation,Solar,,,184.0,,,Solar,2023.0,2027
25INR0401,active,45035,46096,,,,"SS Completed, FIS Started, No IA",Facility Study,King,TX,"King, TX",48269,Tap 138kV 33798 GYP_18 _x0013_ 6088 BENJ4A,ERCOT,WOE Gyp King Wind,,ERCOT,"White Oak Energy, LLC",,,Generation,Wind,,,315.0,,,Wind,2023.0,2026
25INR0402,active,45084,46174,,,,"SS Completed, FIS Started, No IA",Facility Study,Colorado,TX,"Colorado, TX",48089,7254 WEIMAR8 138kV,ERCOT,Driet BESS,,ERCOT,Weimar BESS,,,Generation,Battery,,,150.52,,,Battery,2023.0,2026
25INR0405,active,45049,46478,,,,"SS Completed, FIS Completed, No IA",Facility Study,Matagorda,TX,"Matagorda, TX",48321,Tap Gulftie (43340) _x0013_ Pledger (43120) circuit 60,ERCOT,Pledgor BESS,,ERCOT,Pledgor BESS,,,Generation,Battery,,,100.33,,,Battery,2023.0,2027
25INR0414,active,45061,46494,,,,"SS Completed, FIS Started, No IA",Facility Study,Cherokee,TX,"Cherokee, TX",48073,Tap 138 KV DailVille (3160) - Neches Pump (3296),ERCOT,Rogers Creek BESS,,ERCOT,Dialville BESS,,,Generation,Battery,,,100.33,,,Battery,2023.0,2027
25INR0417,active,45035,46416,,,,"SS Completed, FIS Started, No IA",Facility Study,Upton,TX,"Upton, TX",48461,Tap 345 kV KINGMTSW (#842) to NORTMC (#76000),ERCOT,Mesa View Storage,,ERCOT,"Mesa View Storage, LLC",,,Generation,Battery,,,251.3,,,Battery,2023.0,2027
25INR0418,active,45061,46719,,,,"SS Completed, FIS Started, No IA",Facility Study,Cameron,TX,"Cameron, TX",48061,5767 HIWAY511SUB8 138kV,ERCOT,Palacios BESS,,ERCOT,"BRP BLUE TOPAZ 11, LLC",,,Generation,Battery,,,125.69,,,Battery,2023.0,2027
25INR0419,active,45061,45908,,,,"SS Completed, FIS Started, No IA",Facility Study,Cameron,TX,"Cameron, TX",48061,8640 Kelvin Station 138kV (AEP),ERCOT,Marengo BESS,,ERCOT,"BRP BLUE TOPAZ 8, LLC",,,Generation,Battery,,,120.72,,,Battery,2023.0,2025
25INR0420,active,45023,46188,,,,"SS Completed, FIS Completed, No IA",Facility Study,Harris,TX,"Harris, TX",48201,Tap 138 kV LAUDER (#46002) - RITTENHOUSE (#46282) ckt 95,ERCOT,Houston BESS,,ERCOT,SMT Houston,,,Generation,Battery,,,227.9,,,Battery,2023.0,2026
25INR0421,active,45061,46082,,,45400,"SS Completed, FIS Started, IA",IA Executed,Brazoria,TX,"Brazoria, TX",48039,(Bus: 39015) North Alvin TNMP 138kV,ERCOT,Aldrin 138 BESS,,ERCOT,Aldrin Energy Storage LLC,,,Generation,Battery,,,207.0,,,Battery,2023.0,2026
25INR0422,active,45035,46722,,,,"SS Completed, FIS Started, No IA",Facility Study,Bastrop,TX,"Bastrop, TX",48021,AUSTROP TO GARFIELD 345kV LINE [Bus # 7040 - 7048],ERCOT,Waterloo Solar 1,,ERCOT,"Waterloo Solar, LLC",,,Generation,Solar,,,200.64,,,Solar,2023.0,2027
25INR0423,active,45061,46241,,,,"SS Completed, FIS Started, No IA",Facility Study,Freestone,TX,"Freestone, TX",48161,3558 Ranchland 138 kV,ERCOT,Brackens Solar,,ERCOT,Brackens Solar,,,Generation,Solar,,,177.24,,,Solar,2023.0,2026
25INR0424,active,45049,46241,,,,"SS Completed, FIS Started, No IA",Facility Study,Freestone,TX,"Freestone, TX",48161,3558 Ranchland 138 kV,ERCOT,Brackens BESS,,ERCOT,Brackens BESS,,,Generation,Battery,,,103.58,,,Battery,2023.0,2026
25INR0425,active,45061,46722,,,45458,"SS Completed, FIS Started, IA",IA Executed,Brazoria,TX,"Brazoria, TX",48039,(Bus: 43030) Meadow 345kV substation,ERCOT,Aldrin 345 BESS,,ERCOT,Aldrin Energy Storage LLC,,,Generation,Battery,,,362.0,,,Battery,2023.0,2027
25INR0430,active,45138,46935,,,,"SS Completed, FIS Started, No IA",Facility Study,Mitchell,TX,"Mitchell, TX",48335,tap 345kV 10053 Cattleman Switch  - 1058 Longshore Switch,ERCOT,Hackberry Creek Solar,,ERCOT,Hackberry Creek Solar LLC,,,Generation,Solar,,,175.51,,,Solar,2023.0,2028
25INR0431,active,45049,46507,,,,"SS Completed, FIS Completed, No IA",Facility Study,Martin,TX,"Martin, TX",48317,Tap 138kV 23837 Buffalo - 23839 Triangle,ERCOT,Millennium Energy Storage,,ERCOT,"Rocky Mountain Energy Development, LLC",,,Generation,Battery,,,102.59,,,Battery,2023.0,2027
25INR0432,suspended,45035,46387,,,45510,IA,IA Executed,Anderson,TX,"Anderson, TX",48001,6937 Tucker Sub 138kV,ERCOT,Brotherton Storage,,ERCOT,"BT Brotherton Storage, LLC",,,Generation,Battery,,,176.13,,,Battery,2023.0,2026
25INR0434,active,45105,46296,,,,"SS Completed, FIS Started, No IA",Facility Study,Harris,TX,"Harris, TX",48201,Tap 138 kV 40130 Atascocita - 40690 East Gate,ERCOT,Bluegill BESS,,ERCOT,"Bluegill BESS, LLC",,,Generation,Battery,,,251.0,,,Battery,2023.0,2026
25INR0436,active,45035,46022,,,,"SS Completed, FIS Started, No IA",Facility Study,Frio,TX,"Frio, TX",48163,8212 DILLEYSW4A 138kV,ERCOT,Hess King Solar Farm,,ERCOT,Facility Innovations Group,,,Generation,Solar,,,130.0,,,Solar,2023.0,2025
25INR0440,active,45049,46622,,,,"SS Completed, FIS Started, No IA",Facility Study,Falls,TX,"Falls, TX",48145,Tap 138 kV Line from Temple Pecan Creek (#3420) to the Cow Bayou Switch (#3385),ERCOT,Bronc Rodeo Solar Project,,ERCOT,Energiekontor US Texas SP 16 LLC,,,Generation,Solar,,,121.63,,,Solar,2023.0,2027
25INR0441,active,45061,46022,,,,"SS Completed, FIS Started, No IA",Facility Study,Jackson,TX,"Jackson, TX",48239,8117 GANADO138kV,ERCOT,Dios BESS,,ERCOT,"Dios BESS, LLC",,,Generation,Battery,,,201.08,,,Battery,2023.0,2025
25INR0447,active,45061,46722,,,,"SS Completed, FIS Started, No IA",Facility Study,Bastrop,TX,"Bastrop, TX",48021,Tap 345kV 7040 AUSTROP - 7048 GARFIELD,ERCOT,Waterloo BESS 1,,ERCOT,"Waterloo Solar, LLC",,,Generation,Battery,,,105.64,,,Battery,2023.0,2027
25INR0451,active,45072,46752,,,,"SS Completed, FIS Started, No IA",Facility Study,Upton,TX,"Upton, TX",48461,76008 Twelvemile 345kV,ERCOT,Tres Rios Ranch BESS,,ERCOT,LectricWind LLC,,,Generation,Battery,,,290.0,,,Battery,2023.0,2027
25INR0452,active,45049,46489,,,,"SS Completed, FIS Started, No IA",Facility Study,Ellis,TX,"Ellis, TX",48139,Tap 138 kV 2241 Ennis West Switch - 12320 Templeton,ERCOT,Spaniel Farm Solar Project,,ERCOT,Energiekontor US Texas SP 18 LLC,,,Generation,Solar,,,100.52,,,Solar,2023.0,2027
25INR0453,withdrawn,45125,45820,,45224,,FIS,Facility Study,Dallas,TX,"Dallas, TX",48113,"Tap 138 kV 3035 LVBRD2 - 3032 LVBRD2T_x000D_
",ERCOT,PowerVault BESS,,ERCOT,"SMT Dallas V, LLC",,,Generation,Other,,,227.87,,,Other,2023.0,2025
25INR0455,active,45138,45901,,,,"SS Completed, FIS Started, No IA",Facility Study,Nueces,TX,"Nueces, TX",48355,8482 WEIL TRC4A 138kV,ERCOT,John Bull BESS,,ERCOT,"BRP BLUE TOPAZ 13, LLC",,,Generation,Battery,,,147.42,,,Battery,2023.0,2025
25INR0457,active,45194,46905,,,,"SS Completed, FIS Started, No IA",Facility Study,Dallas,TX,"Dallas, TX",48113,2412 Mountain Creek East 138kV,ERCOT,Mountain Creek BESS Expansion,,ERCOT,"Mountain Creek Power, LLC",,,Generation,Battery,,,408.69,,,Battery,2023.0,2028
25INR0460,active,45084,46644,,,,"SS Completed, FIS Started, No IA",Facility Study,Castro,TX,"Castro, TX",48069,23912 Ogallala 345 kV,ERCOT,Acker BESS,,ERCOT,Ogallala BESS LLC,,,Generation,Battery,,,301.04,,,Battery,2023.0,2027
25INR0461,withdrawn,45138,46022,,45359,,FIS,Facility Study,Childress,TX,"Childress, TX",48075,6053 KIRKLAND2A 69Kv,ERCOT,Proteus Oak Forest Solar,,ERCOT,"Oak Forest Solar and Storage, LLC (a Delaware LLC)",,,Generation,Solar,,,100.0,,,Solar,2023.0,2025
25INR0466,active,45105,46171,,,,"SS Completed, FIS Started, No IA",Facility Study,Wise,TX,"Wise, TX",48497,Tap 138 kV 580 Westbrook Switch - 588 Willow,ERCOT,Yooperlite Storage,,ERCOT,"BT Yooperlite Storage, LLC",,,Generation,Battery,,,175.65,,,Battery,2023.0,2026
25INR0467,active,45084,45857,,,45348,"SS Completed, FIS Completed, IA",IA Executed,Brazoria,TX,"Brazoria, TX",48039,39030 TNALVIN 138kV,ERCOT,Bocanova Power,,ERCOT,Bocanova Power LLC,,,Generation,Battery,,,150.46,,,Battery,2023.0,2025
25INR0471,active,45117,46568,,,,"SS Completed, FIS Started, No IA",Facility Study,Smith,TX,"Smith, TX",48423,3104 Shamburger Switch 138kV,ERCOT,Tyler BESS,,ERCOT,SMT Tyler LLC,,,Generation,Battery,,,305.3,,,Battery,2023.0,2027
25INR0472,withdrawn,45159,46022,,45474,,FIS,Facility Study,Jones,TX,"Jones, TX",48253,,ERCOT,Crowded Star I BESS,,ERCOT,"Jones City Solar, LLC",,,Generation,Other,,,101.37,,,Other,2023.0,2025
25INR0473,active,45159,46198,,,,"SS Completed, FIS Started, No IA",Facility Study,Jones,TX,"Jones, TX",48253,68014 Open Sky,ERCOT,Crowded Star I BESS,,ERCOT,"Jones City Solar II, LLC",,,Generation,Battery,,,202.69,,,Battery,2023.0,2026
25INR0474,active,45152,46447,,,,"SS Completed, FIS Started, No IA",Facility Study,Bosque,TX,"Bosque, TX",48035,Meridian (Bus# 315) - Glen Rose (Bus #319) 69 kV,ERCOT,Solheim Solar,,ERCOT,"Solheim Solar, LLC",,,Generation,Solar,,,108.68,,,Solar,2023.0,2027
25INR0475,active,45138,46622,,,,"SS Completed, FIS Started, No IA",Facility Study,Mills,TX,"Mills, TX",48333,345 kV Russell Gap Switching Station Bus #3348,ERCOT,Castle Corral BESS,,ERCOT,"Castle Corral BESS, LLC",,,Generation,Battery,,,201.1,,,Battery,2023.0,2027
25INR0480,active,45105,46157,,,45610,"SS Completed, FIS Completed, IA",IA Executed,Brazoria,TX,"Brazoria, TX",48039,Tap 138kV 39500 West Colombia - 39703 FM524,ERCOT,Bell Creek BESS,,ERCOT,"BELL CREEK BESS, LLC",,,Generation,Battery,,,200.9,,,Battery,2023.0,2026
25INR0482,active,45105,46387,,,,"SS Completed, FIS Completed, No IA",Facility Study,Palo Pinto,TX,"Palo Pinto, TX",48363,Tap #331 Rwmiller - #320 Jaybird 138kV,ERCOT,Vault Solar,,ERCOT,PPM THR Solar,,,Generation,Solar,,,108.5,,,Solar,2023.0,2026
25INR0489,active,45105,46325,,,,"SS Completed, FIS Started, No IA",Facility Study,Crockett,TX,"Crockett, TX",48105,7053 Noelke 345 kV,ERCOT,Ranchero BESS,,ERCOT,"Ranchero Battery Facility, LLC",,,Generation,Battery,,,150.0,,,Battery,2023.0,2026
25INR0492,active,45219,46204,,,40961,"SS Completed, FIS Started, IA",IA Executed,Wilbarger,TX,"Wilbarger, TX",48487,61001 JIM TREECE 345kV,ERCOT,Blue Summit Energy Storage,,ERCOT,"NextEra Energy Interconnection Holdings, LLC",,,Generation,Battery,,,100.0,,,Battery,2023.0,2026
25INR0494,active,45212,46661,,,,"SS Completed, FIS Completed, No IA",Facility Study,Brazoria,TX,"Brazoria, TX",48039,Tap 138 kV Bus# 42100 HUD_8 _x0013_ Bus# 42960 MUSTNG_S04_8 138kV CKT# 4,ERCOT,Willow Beach Wind,,ERCOT,ACE DevCo NC LLC,,,Generation,Wind,,,202.33,,,Wind,2023.0,2027
25INR0495,active,45177,46357,,,,"SS Completed, FIS Started, No IA",Facility Study,Ellis,TX,"Ellis, TX",48139,218 Rockett 69kV,ERCOT,Dolomite Storage,,ERCOT,"BT Wilson Storage, LLC",,,Generation,Battery,,,125.7,,,Battery,2023.0,2026
25INR0501,active,45138,46461,,,,"SS Completed, FIS Started, No IA",Facility Study,Kinney,TX,"Kinney, TX",48271,Tap138 kV 8252 Brackettville - 8260 Escondido,ERCOT,Longday Solar SLF,,ERCOT,Longday Solar,,,Generation,Solar,,,200.8,,,Solar,2023.0,2027
25INR0503,active,45191,46119,,,45288,"SS Completed, FIS Not Started, IA",IA Executed,Caldwell,TX,"Caldwell, TX",48055,7041 John Dumas 345kV,ERCOT,Uhland Maxwell Expansion,,ERCOT,Lower Colorado River Authority,,,Generation,Gas,,,188.4,,,Gas,2023.0,2026
25INR0504,active,45191,46853,,,,"SS Completed, FIS Started, No IA",Facility Study,Franklin,TX,"Franklin, TX",48159,11688 Thorn Tree Switch 345kV,ERCOT,Lazy Frog Solar SLF,,ERCOT,"Lazy Frog Solar, LLC",,,Generation,Solar,,,105.8,,,Solar,2023.0,2028
25INR0505,active,45219,46643,,,,"SS Completed, FIS Started, No IA",Facility Study,Lamar,TX,"Lamar, TX",48277,Tap 138KV 11768 Hawk Hollow _x0013_ 1768 Deport,ERCOT,Mud Cat Solar SLF,,ERCOT,"Mud Cat Solar, LLC",,,Generation,Solar,,,100.5,,,Solar,2023.0,2027
25INR0510,active,45177,45961,,,,"SS Completed, FIS Started, No IA",Facility Study,Lamar,TX,"Lamar, TX",48277,1687 BLOOSOM_T8 138kV,ERCOT,Deer BESS,,ERCOT,GRS BESS Texas Two,,,Generation,Battery,,,102.31,,,Battery,2023.0,2025
25INR0511,active,45176,46843,,,,"SS Completed, FIS Started, No IA",Facility Study,Colorado,TX,"Colorado, TX",48089,Tap 345kV 9073 Holman - 44200 Hillje,ERCOT,Pearl Moon,,ERCOT,"Pearl Moon Solar, LLC",,,Generation,Solar,,,208.0,,,Solar,2023.0,2028
25INR0512,active,45212,46539,,,,"SS Completed, FIS Started, No IA",Facility Study,Fayette,TX,"Fayette, TX",48149,Tap 345kV 7055 Fayette - 9074 Lytton Springs,ERCOT,Monument Hill Solar,,ERCOT,"RWE Solar Development, LLC",,,Generation,Solar,,,200.0,,,Solar,2023.0,2027
25INR0513,active,45159,47116,,,,"SS Completed, FIS Started, No IA",Facility Study,Leon,TX,"Leon, TX",48289,Tap 345kV 46020 Limestone 967 Gibbons Creek Circuit 50,ERCOT,Kahla Storage,,ERCOT,"BT Kahla Storage, LLC",,,Generation,Battery,,,200.9,,,Battery,2023.0,2028
25INR0540,withdrawn,45212,46492,,45383,,FIS,Facility Study,Erath,TX,"Erath, TX",48143,,ERCOT,Palm Bluff Energy Storage,,ERCOT,"Palm Bluff Energy Storage, LLC",,,Generation,Other,,,101.2,,,Other,2023.0,2027
25INR0541,active,45224,46188,,,,"SS Completed, FIS Started, No IA",Facility Study,San Patricio,TX,"San Patricio, TX",48409,Tap 138kV 80258 Mayo4A - 80260 Gila4A,ERCOT,Port City Energy Storage,,ERCOT,"Port City Energy Storage, LLC",,,Generation,Battery,,,101.2,,,Battery,2023.0,2026
25INR0542,active,45224,46127,,,,"SS Completed, FIS Started, No IA",Facility Study,Wharton,TX,"Wharton, TX",48481,Tap 138kV 5546 DANEVANG SW - 8121 BLESSING,ERCOT,Hynes Bay Energy Storage,,ERCOT,"Hynes Bay Energy Storage, LLC",,,Generation,Battery,,,101.2,,,Battery,2023.0,2026
25INR0543,withdrawn,45244,46188,,45383,,FIS,Facility Study,Brazoria,TX,"Brazoria, TX",48039,,ERCOT,Pelton Lake Energy Storage,,ERCOT,"Pelton Lake Energy Storage, LLC",,,Generation,Other,,,101.2,,,Other,2023.0,2026
25INR0544,active,45218,46188,,,,"SS Completed, FIS Started, No IA",Facility Study,Matagorda,TX,"Matagorda, TX",48321,Tap 138kV #8115 WADSWORT4A  - #8139 CELNEBC4B,ERCOT,Palacios Bay Energy Storage,,ERCOT,"Palacios Bay Energy Storage, LLC",,,Generation,Battery,,,101.2,,,Battery,2023.0,2026
25INR0545,active,45212,46188,,,,"SS Completed, FIS Started, No IA",Facility Study,Wharton,TX,"Wharton, TX",48481,Tap 138kV 42985 DYANN_POI8 - 43190 S_LANE_B138 Ckt 60,ERCOT,Blue Creek Energy Storage,,ERCOT,"Blue Creek Energy Storage, LLC",,,Generation,Battery,,,101.2,,,Battery,2023.0,2026
25INR0547,active,45203,46583,,,,"SS Completed, FIS Started, No IA",Facility Study,Fisher,TX,"Fisher, TX",48151,Tap 345KV 68001 Clayton 345KV -68000 WShack Ckt 2,ERCOT,Indigo solar 2,,ERCOT,Indigo Solar 2,,,Generation,Solar,,,180.0,,,Solar,2023.0,2027
25INR0552,active,45203,46522,,,,"SS Completed, FIS Started, No IA",Facility Study,Cameron,TX,"Cameron, TX",48061,8319 Rio Hondo sub 138kV,ERCOT,HarryoungBESS,,ERCOT,Gransolar Texas Four LLC,,,Generation,Battery,,,190.01,,,Battery,2023.0,2027
25INR0553,withdrawn,45210,45836,,45210,,FIS & SS Incomplete,Facility Study,Nueces,TX,"Nueces, TX",48355,,ERCOT,Project Lynx - Expansion,,ERCOT,GIGA TEXAS ENERGY LLC,,,Generation,Other,,,100.29,,,Other,2023.0,2025
25INR0555,active,45229,46419,,,,"SS Completed, FIS Started, No IA",Facility Study,Brazoria,TX,"Brazoria, TX",48039,44010 WA Parish - 42980 Nash 138 kV Ckt 02,ERCOT,Stargazer Solar,,ERCOT,Stargazer Solar LLC,,,Generation,Solar,,,157.7,,,Solar,2023.0,2027
25INR0556,active,45229,46419,,,,"SS Completed, FIS Started, No IA",Facility Study,Brazoria,TX,"Brazoria, TX",48039,44010 WA Parish - 42980 Nash 138 kV,ERCOT,Stargazer BESS,,ERCOT,Stargazer Solar LLC,,,Generation,Battery,,,104.5,,,Battery,2023.0,2027
25INR0557,active,45212,46006,,,,"SS Completed, FIS Started, No IA",Facility Study,Upton,TX,"Upton, TX",48461,76597 Robbins Switch 138 kV,ERCOT,McCamey's Castle Battery,,ERCOT,"Castle Storage, LLC",,,Generation,Battery,,,409.6,,,Battery,2023.0,2025
25INR0562,withdrawn,45260,45915,,45434,,FIS,Facility Study,Comanche,TX,"Comanche, TX",48093,1649 HASSE_P8 138kV,ERCOT,Canyonland Energy Storage,,ERCOT,"Canyonland Energy Storage, LLC",,,Generation,Other,,,101.2,,,Other,2023.0,2025
25INR0563,withdrawn,45224,45915,,45265,,FIS & SS Incomplete,Facility Study,Erath,TX,"Erath, TX",48143,,ERCOT,Ambrose Energy Storage,,ERCOT,"Ambrose Energy Storage, LLC",,,Generation,Other,,,101.2,,,Other,2023.0,2025
25INR0566,active,45224,46188,,,,"SS Completed, FIS Started, No IA",Facility Study,Brazoria,TX,"Brazoria, TX",48039,Tap 138kV 42980 Nash - 44010 WA Parish Ckt 2,ERCOT,Copano Bay Energy Storage,,ERCOT,"Copano Bay Energy Storage, LLC",,,Generation,Battery,,,201.04,,,Battery,2023.0,2026
26INR0042,active,44994,46173,,,45266,"SS Completed, FIS Completed, IA",IA Executed,Brazoria,TX,"Brazoria, TX",48039,Tap 138 kV 42215 Copper to 42195 Booster,ERCOT,Valhalla Solar,,ERCOT,Industrial Papa Project LLC,,,Generation,Solar,,,306.8,,,Solar,2023.0,2026
26INR0045,active,44943,46387,,,,"SS Completed, FIS Started, No IA",Facility Study,Bastrop,TX,"Bastrop, TX",48021,"TAP 138 KV LINE AND CREATE NEW BUS BETWEEN
KIMBRO (7337) AND ELGIN SWITCH (3650)",ERCOT,LUND STORAGE CENTER 1,,ERCOT,"Lund Storage Center 1, LLC",,,Generation,Battery,,,407.55,,,Battery,2023.0,2026
26INR0046,active,44929,46568,,,,"SS Completed, FIS Completed, No IA",Facility Study,Victoria,TX,"Victoria, TX",48469,Double tapping: 345kV 5915 STP - 5133 Elm Creek ckt#1 and 345kV 5068 Cachena _x0013_ 5323 Old Hickory ckt#2,ERCOT,Paluxy Solar,,ERCOT,S&S Renewables LLC,,,Generation,Solar,,,1029.06,,,Solar,2023.0,2027
26INR0047,active,44929,46568,,,,"SS Completed, FIS Completed, No IA",Facility Study,Victoria,TX,"Victoria, TX",48469,Double tapping: 345kV 5915 STP - 5133 Elm Creek ckt#1 and 345kV 5068 Cachena _x0013_ 5323 Old Hickory ckt#2,ERCOT,Paluxy Storage,,ERCOT,S&S Renewables LLC,,,Generation,Battery,,,511.68,,,Battery,2023.0,2027
26INR0049,active,45035,46143,,,45442,"SS Completed, FIS Completed, IA",IA Executed,Freestone,TX,"Freestone, TX",48161,3134 RICHLAND CHAMBERS 345kV (PSS/E Bus Name: RICHLND1_5),ERCOT,Calpine Freestone Peaker 1 (TEF -Due Diligence),,ERCOT,"Freestone Power Generation, LLC",,,Generation,Gas,,,228.0,,,Gas,2023.0,2026
26INR0068,active,44956,46204,,,,"SS Completed, FIS Started, No IA",Facility Study,Karnes,TX,"Karnes, TX",48255,Tap 345kV 5725 PAWNEESW5 - 8164 COLETO7A,ERCOT,Charro Creek Solar 1 SLF,,ERCOT,Charro Creek Solar LLC,,,Generation,Solar,,,203.0,,,Solar,2023.0,2026
26INR0070,active,44993,46204,,,,"SS Completed, FIS Started, No IA",Facility Study,Karnes,TX,"Karnes, TX",48255,Tap 345kV 5725 PAWNEESW5 - 8164 COLETO7A,ERCOT,Charro Creek Solar 2 SLF,,ERCOT,Charro Creek Solar LLC,,,Generation,Solar,,,203.0,,,Solar,2023.0,2026
26INR0072,active,44993,46204,,,,"SS Completed, FIS Started, No IA",Facility Study,Karnes,TX,"Karnes, TX",48255,Tap on PAWNEESW5 (#5725) - COLETO7A (#8164) Line,ERCOT,Charro Creek Solar 3 SLF,,ERCOT,Charro Creek Solar LLC,,,Generation,Solar,,,203.0,,,Solar,2023.0,2026
26INR0074,active,44956,46205,,,,"SS Completed, FIS Completed, No IA",Facility Study,Wilson,TX,"Wilson, TX",48493,Tap 345kV 5133 Elm Creek - 5901 San Miguel Gen Ckt 1,ERCOT,Anila Solar,,ERCOT,Alina Energy LLC,,,Generation,Solar,,,200.8,,,Solar,2023.0,2026
26INR0076,active,44998,46477,,,,"SS Completed, FIS Started, No IA",Facility Study,Matagorda,TX,"Matagorda, TX",48321,8114 Conoco 138kV,ERCOT,Matias Solar,,ERCOT,Industrial Bravo Project II LLC,,,Generation,Solar,,,152.3,,,Solar,2023.0,2027
26INR0077,active,44977,46205,,,,"SS Completed, FIS Completed, No IA",Facility Study,Wilson,TX,"Wilson, TX",48493,Tap of 345 kV Elm Creek (Bus# 5133) - San Miguel Gen (Bus# 5901) Transmission Line Ckt 1,ERCOT,Anila BESS,,ERCOT,Alina Energy LLC,,,Generation,Battery,,,209.0,,,Battery,2023.0,2026
26INR0082,active,45061,46622,,,,"SS Completed, FIS Started, No IA",Facility Study,Freestone,TX,"Freestone, TX",48161,Tap 345kV 3133 RICHLND2_5 - 3381 BIGBRNW_5,ERCOT,Amerada Solar,,ERCOT,"Amerada Solar, LLC",,,Generation,Solar,,,301.57,,,Solar,2023.0,2027
26INR0083,active,44956,46069,,,,"SS Completed, FIS Started, No IA",Facility Study,Tom Green,TX,"Tom Green, TX",48451,6464 San Angelo North,ERCOT,Zeppelin Energy Storage,,ERCOT,ZEPPELIN ENERGY STORAGE LLC,,,Generation,Battery,,,163.93,,,Battery,2023.0,2026
26INR0084,active,45061,46622,,,,"SS Completed, FIS Started, No IA",Facility Study,Freestone,TX,"Freestone, TX",48161,Tap 345kV 3133 RICHLND2_5 - 3381 BIGBRNW_5,ERCOT,Amerada Storage,,ERCOT,"Amerada Solar, LLC",,,Generation,Battery,,,150.78,,,Battery,2023.0,2027
26INR0085,active,45229,46905,,,,"SS Completed, FIS Started, No IA",Facility Study,Dallas,TX,"Dallas, TX",48113,2412 Mountain Creek East 138kV,ERCOT,Mountain Creek Thermal Expansion,,ERCOT,"Mountain Creek Power, LLC",,,Generation,Gas,,,736.98,,,Gas,2023.0,2028
26INR0088,active,45035,46569,,,,"SS Completed, FIS Started, No IA",Facility Study,La Salle,TX,"La Salle, TX",48283,Tap 345kV LOBO7A (#80219) - FOWLERTONSW5 (#5709),ERCOT,La Salle Solar,,ERCOT,OCI La Salle Solar LLC,,,Generation,Solar,,,503.9,,,Solar,2023.0,2027
26INR0089,active,45023,46569,,,,"SS Completed, FIS Started, No IA",Facility Study,La Salle,TX,"La Salle, TX",48283,Tap 345kV LOBO7A (#80219) - FOWLERTONSW5 (#5709) CKT#2,ERCOT,La Salle ESS,,ERCOT,OCI La Salle ESS LLC,,,Generation,Battery,,,503.9,,,Battery,2023.0,2027
26INR0098,active,45061,46660,,,,"SS Completed, FIS Started, No IA",Facility Study,Freestone,TX,"Freestone, TX",48161,Tap 138 kV 3501 Sea way Teague - 3394 Jewett,ERCOT,Douie Solar,,ERCOT,Buffalo Spring Solar LLC,,,Generation,Solar,,,221.2,,,Solar,2023.0,2027
26INR0106,active,45012,46171,,,,"SS Completed, FIS Started, No IA",Facility Study,Johnson,TX,"Johnson, TX",48251,1902 Johnson Switch,ERCOT,Upstream BESS,,ERCOT,Upstream Storage LLC,,,Generation,Battery,,,461.6,,,Battery,2023.0,2026
26INR0107,active,45105,46173,,,,"SS Completed, FIS Started, No IA",Facility Study,Zapata,TX,"Zapata, TX",48505,Tap 345kV 80307 Delsol - 80225 Cenizo CKT#2,ERCOT,Freedom Falcon BESS,,ERCOT,"Falcon BESS, LLC",,,Generation,Battery,,,501.9,,,Battery,2023.0,2026
26INR0109,active,45035,46143,,,45442,"SS Completed, FIS Completed, IA",IA Executed,Freestone,TX,"Freestone, TX",48161,3134 RICHLAND CHAMBERS (PSS/E Bus Name: RICHLND1_5),ERCOT,Calpine Freestone Peaker 2 (TEF-Due Diligence),,ERCOT,"FPEC, LLC",,,Generation,Gas,,,228.0,,,Gas,2023.0,2026
26INR0110,active,45023,46387,,,,"SS Completed, FIS Started, No IA",Facility Study,Crane,TX,"Crane, TX",48103,Tap 138 kV 76615 Crane -76635 King Mountain; POI is 7.85 miles from Crane.,ERCOT,Western Flats Solar,,ERCOT,Hecate Energy Point Mountain Solar Facility 1 LLC,,,Generation,Solar,,,410.2,,,Solar,2023.0,2026
26INR0112,active,45023,46935,,,,"SS Completed, FIS Started, No IA",Facility Study,Knox,TX,"Knox, TX",48275,6088 Benjamin AEP 138kV,ERCOT,Lemma Solar,,ERCOT,Greening USA Corp.,,,Generation,Solar,,,100.61,,,Solar,2023.0,2028
26INR0113,active,45125,46741,,,45401,"SS Completed, FIS Started, IA",IA Executed,Gray,TX,"Gray, TX",48179,79000 Gray Substation 345kV,ERCOT,Meitner Wind,,ERCOT,"IP Meitner, LLC",,,Generation,Wind,,,836.5,,,Wind,2023.0,2027
26INR0114,active,45035,46541,,,,"SS Completed, FIS Started, No IA",Facility Study,Waller,TX,"Waller, TX",48473,Tap 138kV Katy (44420) - Franz (44260) Ckt 09,ERCOT,Ochoa Energy Storage,,ERCOT,Ochoa Energy Storage LLC,,,Generation,Battery,,,260.8,,,Battery,2023.0,2027
26INR0116,active,45061,46173,,,,"SS Completed, FIS Started, No IA",Facility Study,Zapata,TX,"Zapata, TX",48505,Tap 138kV 8299 Zapata - 8957 Lopeno,ERCOT,Falcon Zapata Storage 138,,ERCOT,"Falcon BESS, LLC",,,Generation,Battery,,,200.79,,,Battery,2023.0,2026
26INR0120,active,45177,46298,,,,"SS Completed, FIS Started, No IA",Facility Study,Zavala,TX,"Zavala, TX",48507,8236 Batesville 138kV,ERCOT,Bramble Energy Center,,ERCOT,Bramble Energy Center LLC,,,Generation,Battery,,,225.1,,,Battery,2023.0,2026
26INR0121,active,45105,46386,,,,"SS Completed, FIS Started, No IA",Facility Study,Midland,TX,"Midland, TX",48329,TAP 345kV 11028 Odessa Ehv - 59901 Grelton (West C),ERCOT,Pioneer Hutt Solar (Alternative POI),,ERCOT,NextEra Energy Interconnection Holdings LLC,,,Generation,Solar,,,116.0,,,Solar,2023.0,2026
26INR0128,active,45072,46934,,,,"SS Completed, FIS Started, No IA",Facility Study,Nueces,TX,"Nueces, TX",48355,8459 Bunsen 138kV,ERCOT,SunWave Solar,,ERCOT,Buckeye Nueces Bay Solar LLC,,,Generation,Solar,,,159.89,,,Solar,2023.0,2028
26INR0134,active,45105,46935,,,,"SS Completed, FIS Started, No IA",Facility Study,Bee,TX,"Bee, TX",48025,8629 Baez 69 kV,ERCOT,Myers Solar,,ERCOT,"BT Myers Solar, LLC",,,Generation,Solar,,,100.94,,,Solar,2023.0,2028
26INR0138,active,45152,46387,,,,"SS Completed, FIS Started, No IA",Facility Study,Montague,TX,"Montague, TX",48337,Tap 138 kV 620 Bowie - 741 Dye Mound,ERCOT,Weathervane Solar SLF,,ERCOT,Mallard Place LLC,,,Generation,Solar,,,160.49,,,Solar,2023.0,2026
26INR0143,active,45105,47150,,,,"SS Completed, FIS Started, No IA",Facility Study,Kleberg,TX,"Kleberg, TX",48273,Tap 138kV 8515 Alazan - 8458 Barney Davis,ERCOT,Santa Garcias Solar,,ERCOT,Oxy Renewable Energy LLC,,,Generation,Solar,,,265.0,,,Solar,2023.0,2029
26INR0146,active,45138,46387,,,,"SS Completed, FIS Started, No IA",Facility Study,Haskell,TX,"Haskell, TX",48207,Tap 138kV 6158 Aspermont _x0013_ 6161 Paint Creek,ERCOT,DMF Sagerton Solar SLF,,ERCOT,Double Mountain Fork LLC,,,Generation,Solar,,,125.5,,,Solar,2023.0,2026
26INR0147,active,45191,46157,,,,"SS Completed, FIS Started, No IA",Facility Study,Coryell,TX,"Coryell, TX",48099,Tap 7061 COPPERAS COVE 7260 Kempner 138kV,ERCOT,Seven Springs Solar,,ERCOT,"Hancock Springs, LLC",,,Generation,Solar,,,145.57,,,Solar,2023.0,2026
26INR0149,withdrawn,45105,46356,,45457,,FIS,Facility Study,Hood,TX,"Hood, TX",48221,Tap 345kV 1880 Rocky Creek - 1898 Mitchel Bend,ERCOT,Blue Bird BESS,,ERCOT,Gigawatt Solar LLC,,,Generation,Other,,,200.7,,,Other,2023.0,2026
26INR0153,withdrawn,45125,46295,,45671,,FIS,Facility Study,Bee,TX,"Bee, TX",48025,Tap 345kV 8606 Goddard  8689 Tango,ERCOT,Apis Solar,,ERCOT,S&S Renewables LLC,,,Generation,Solar,,,533.72,,,Solar,2023.0,2026
26INR0154,withdrawn,45090,46295,,45671,,FIS,Facility Study,Bee,TX,"Bee, TX",48025,,ERCOT,Apis Storage,,ERCOT,S&S Renewables LLC,,,Generation,Battery,,,268.43,,,Battery,2023.0,2026
26INR0155,active,45138,46599,,,45470,"SS Completed, FIS Started, IA",IA Executed,Refugio,TX,"Refugio, TX",48391,tap 345kV 8249 Angstrom _x0013_ 8676 Static,ERCOT,Ross Solar,,ERCOT,"S&S Renewables, LLC",,,Generation,Solar,,,1025.57,,,Solar,2023.0,2027
26INR0156,active,45152,46599,,,45470,"SS Completed, FIS Started, IA",IA Executed,Refugio,TX,"Refugio, TX",48391,tap the 345 kV Angstrom (#8249) _x0013_ Static (#8676) line; AEP,ERCOT,Ross Storage,,ERCOT,"S&S Renewables, LLC",,,Generation,Battery,,,510.99,,,Battery,2023.0,2027
26INR0161,active,45152,46287,,,,"SS Completed, FIS Started, No IA",Facility Study,Nacogdoches,TX,"Nacogdoches, TX",48347,Tap 345 kV 3119 Nacogdoches SE - 3116 Mt Enterprise,ERCOT,Timberline Solar,,ERCOT,"Timberline Renewables, LLC",,,Generation,Solar,,,201.0,,,Solar,2023.0,2026
26INR0162,active,45152,46287,,,,"SS Completed, FIS Started, No IA",Facility Study,Nacogdoches,TX,"Nacogdoches, TX",48347,Tap 345 kV 3119 Nacogdoches SE - 3116 Mt Enterprise,ERCOT,Timberline Storage,,ERCOT,"Timberline Renewables, LLC",,,Generation,Battery,,,100.5,,,Battery,2023.0,2026
26INR0169,active,45105,46165,,,,"SS Completed, FIS Started, No IA",Facility Study,Dickens,TX,"Dickens, TX",48125,tap 138kV 720 Salt Creek Reactor _x0013_ 6150 Spur,ERCOT,AQUAMARINE BESS,,ERCOT,ME USA Project I LLC,,,Generation,Battery,,,213.81,,,Battery,2023.0,2026
26INR0171,active,45159,46569,,,,"SS Completed, FIS Started, No IA",Facility Study,Hardeman,TX,"Hardeman, TX",48197,Tap 345kV 60505 EDITHCLA7B - 60501 TESLA7A ckt2,ERCOT,Lazy U Solar 1,,ERCOT,Lazy U Solar 1,,,Generation,Solar,,,252.0,,,Solar,2023.0,2027
26INR0172,active,45159,46569,,,,"SS Completed, FIS Started, No IA",Facility Study,Hardeman,TX,"Hardeman, TX",48197,Tap 345kV 60505 EDITHCLA7B - 60501 TESLA7A CKT2,ERCOT,Lazy U Solar 2,,ERCOT,Lazy U Solar 2,,,Generation,Solar,,,252.0,,,Solar,2023.0,2027
26INR0173,active,45177,46569,,,,"SS Completed, FIS Started, No IA",Facility Study,Hardeman,TX,"Hardeman, TX",48197,Tap EDITHCLA7B [60505] -- TESLA7A [60501] 345kV ckt2,ERCOT,Lazy U ESS 1,,ERCOT,Lazy U ESS 1,,,Generation,Battery,,,251.5,,,Battery,2023.0,2027
26INR0174,active,45159,46569,,,,"SS Completed, FIS Started, No IA",Facility Study,Hardeman,TX,"Hardeman, TX",48197,Tap EDITHCLA7B [60505] -- TESLA7A [60501] ckt2,ERCOT,Lazy U ESS 2,,ERCOT,Lazy U ESS 2,,,Generation,Battery,,,251.5,,,Battery,2023.0,2027
26INR0176,active,45105,46387,,,,"SS Completed, FIS Started, No IA",Facility Study,Houston,TX,"Houston, TX",48225,Tap 138kV 6733 Mustang Prairie - 6732 Latexo,ERCOT,Dionysus Solar,,ERCOT,"Dionysus Solar, LLC",,,Generation,Solar,,,153.26,,,Solar,2023.0,2026
26INR0178,active,45117,46935,,,,"SS Completed, FIS Started, No IA",Facility Study,Navarro,TX,"Navarro, TX",48349,Tap 345kV 68091 Navarro - 1907 Venus Switch,ERCOT,Alliance Solar,,ERCOT,"NextEra Energy Interconnection Holdings, LLC",,,Generation,Solar,,,175.0,,,Solar,2023.0,2028
26INR0179,active,45194,46569,,,,"SS Completed, FIS Started, No IA",Facility Study,Zavala,TX,"Zavala, TX",48507,8672 LaPryor2A 138 kV,ERCOT,SunShiner ESS,,ERCOT,SunShiner ESS LLC,,,Generation,Battery,,,200.0,,,Battery,2023.0,2027
26INR0180,active,45117,46653,,,,"SS Completed, FIS Completed, No IA",Facility Study,Navarro,TX,"Navarro, TX",48349,3387 Revolution Switch 138kV,ERCOT,Cape Rich BESS,,ERCOT,Cape Rich BESS,,,Generation,Battery,,,150.52,,,Battery,2023.0,2027
26INR0181,active,45105,46022,,,,"SS Completed, FIS Started, No IA",Facility Study,Cameron,TX,"Cameron, TX",48061,8656 Luna 138kV,ERCOT,Solar Star Frontier BESS,,ERCOT,"Solar Star Frontier BESS, LLC",,,Generation,Battery,,,100.26,,,Battery,2023.0,2025
26INR0183,active,45105,46752,,,,"SS Completed, FIS Started, No IA",Facility Study,Midland,TX,"Midland, TX",48329,Tap 345 kV 1185 Midland County Northwest Switch (bus #1185) _x0013_ Midland East (bus #1021) 345 kV Line Ckt 01,ERCOT,TRIFECTA Gas,,ERCOT,NET Power,,,Generation,Gas,,,453.0,,,Gas,2023.0,2027
26INR0184,active,45138,46492,,,,"SS Completed, FIS Started, No IA",Facility Study,Lamar,TX,"Lamar, TX",48277,Tap 138kV 1693 Paris Switch - 11806 ENLOE T8,ERCOT,Arc Energy Storage,,ERCOT,"Paris Energy Storage, LLC",,,Generation,Battery,,,204.5,,,Battery,2023.0,2027
26INR0185,active,45152,46752,,,,"SS Completed, FIS Started, No IA",Facility Study,Jack,TX,"Jack, TX",48237,579 Jack County 138kV,ERCOT,Beitel Energy Storage,,ERCOT,"Brazos Energy Storage, LLC",,,Generation,Battery,,,200.6,,,Battery,2023.0,2027
26INR0186,withdrawn,45117,46113,,45224,,FIS,Facility Study,Dallas,TX,"Dallas, TX",48113,,ERCOT,MegaCharge BESS,,ERCOT,SMT Dallas II LLC,,,Generation,Other,,,168.6,,,Other,2023.0,2026
26INR0189,active,45138,46482,,,45517,"SS Completed, FIS Started, IA",IA Executed,Brazoria,TX,"Brazoria, TX",48039,Tap 138 42980 Nash - 44010 W A Parish ckt #2,ERCOT,Skipjack Energy Storage,,ERCOT,Skipper Energy Storage LLC,,,Generation,Battery,,,150.6,,,Battery,2023.0,2027
26INR0196,active,45176,46387,,,,"SS Completed, FIS Started, No IA",Facility Study,Duval,TX,"Duval, TX",48131,Bruni (#8297) _x0013_ Crestonio (#8695) 138 kV line; AEP,ERCOT,Realitos  Solar SLF,,ERCOT,Mesquite Creek LLC,,,Generation,Solar,,,150.49,,,Solar,2023.0,2026
26INR0199,withdrawn,45152,46387,,45274,,FIS,Facility Study,Mills,TX,"Mills, TX",48333,,ERCOT,Gold Rush Energy Storage,,ERCOT,"Goldthwaite Energy Storage, LLC",,,Generation,Other,,,200.6,,,Other,2023.0,2026
26INR0200,active,45159,46752,,,,"SS Completed, FIS Started, No IA",Facility Study,Grimes,TX,"Grimes, TX",48185,13 Keith 138kV,ERCOT,Vaughn Energy Storage,,ERCOT,"Vaughn Battery Storage, LLC",,,Generation,Battery,,,200.6,,,Battery,2023.0,2027
26INR0201,active,45191,46205,,,45458,"SS Completed, FIS Completed, IA",IA Executed,Fort Bend,TX,"Fort Bend, TX",48157,44070 Whaley 345 kV,ERCOT,Rock Rose Energy BESS,,ERCOT,Rock Rose Energy Storage LLC,,,Generation,Battery,,,211.5,,,Battery,2023.0,2026
26INR0211,active,45212,46905,,,,"SS Completed, FIS Started, No IA",Facility Study,San Patricio,TX,"San Patricio, TX",48409,Tap 345kV 8249 Angstrom - 8624 Grissom,ERCOT,Titus Low Carbon Ventures Solar 1,,ERCOT,"Vaquero Solar, LLC",,,Generation,Solar,,,286.84,,,Solar,2023.0,2028
26INR0215,active,45152,46645,,,,"SS Completed, FIS Completed, No IA",Facility Study,Jack,TX,"Jack, TX",48237,1429 Jacksboro 345kV,ERCOT,JackGard BESS,,ERCOT,Jackgard BESS,,,Generation,Battery,,,200.59,,,Battery,2023.0,2027
26INR0219,active,45203,46113,,,,"SS Completed, FIS Started, No IA",Facility Study,Cooke,TX,"Cooke, TX",48097,704 Mountain Springs 138 kV,ERCOT,Mountain Springs BESS,,ERCOT,Mountain Springs BESS,,,Generation,Battery,,,150.52,,,Battery,2023.0,2026
26INR0222,active,45138,46045,,,,"SS Completed, FIS Started, No IA",Facility Study,Nueces,TX,"Nueces, TX",48355,5640 DRISCOLLSUB9 69kV,ERCOT,GOTHAM BESS,,ERCOT,AEU BATTERY PROJECT IV LLC,,,Generation,Battery,,,151.2,,,Battery,2023.0,2026
26INR0224,withdrawn,45191,46381,,45279,,FIS,Facility Study,Van Zandt,TX,"Van Zandt, TX",48467,"Tap 345kV 3105 ELKTON_5 --- 3100 MARTINLK_5_x000D_
",ERCOT,GIRALDA SOLAR,,ERCOT,Blue Stone Renewable  XX LLC,,,Generation,Solar,,,137.34,,,Solar,2023.0,2026
26INR0226,active,45203,46022,,,45453,"SS Completed, FIS Started, IA",IA Executed,Brazoria,TX,"Brazoria, TX",48039,Tap 138kV West Columbia Main (39500) - Sweeny Cogen (110505),ERCOT,First Capitol BESS,,ERCOT,"First Capitol BESS, LLC",,,Generation,Battery,,,256.2,,,Battery,2023.0,2025
26INR0228,active,45176,47016,,,,"SS Completed, FIS Started, No IA",Facility Study,Navarro,TX,"Navarro, TX",48349,Tap 345 KV 68091 NAVARRO - 3381 BIGBRNW_5 Ckt 2,ERCOT,Santa Monica Solar,,ERCOT,Karol Solar IV,,,Generation,Solar,,,105.85,,,Solar,2023.0,2028
26INR0230,active,45212,46905,,,,"SS Completed, FIS Started, No IA",Facility Study,Pecos,TX,"Pecos, TX",48371,Tap 138kV 1239 Coyanosa - 11238 Blair Lake Sub,ERCOT,Titus Sienta Solar,,ERCOT,"Sol Sienta Solar, LLC",,,Generation,Solar,,,501.93,,,Solar,2023.0,2028
26INR0231,active,45203,46461,,,,"SS Completed, FIS Started, No IA",Facility Study,Midland,TX,"Midland, TX",48329,Tap 138kV 1179 Texaco Mabee Tap - 1200 Mariensfield,ERCOT,Energy City BESS,,ERCOT,Energy City BESS LLC,,,Generation,Battery,,,204.9,,,Battery,2023.0,2027
26INR0235,active,45212,46813,,,,"SS Completed, FIS Completed, No IA",Facility Study,Liberty,TX,"Liberty, TX",48291,Tap 138kV 40390 Crosby - 40680 Placid Ckt 86,ERCOT,Noor Solar,,ERCOT,Industrial Kilo Project LLC,,,Generation,Solar,,,188.2,,,Solar,2023.0,2028
26INR0241,active,45224,46494,,,,"SS Completed, FIS Started, No IA",Facility Study,Ellis,TX,"Ellis, TX",48139,Tap 345kV 2427 Watermill - 2466 Big Onion,ERCOT,Sol Marina Energy Center,,ERCOT,"Adapture Solar Development, LLC",,,Generation,Solar,,,175.3,,,Solar,2023.0,2027
26INR0246,active,45203,46387,,,,"SS Completed, FIS Started, No IA",Facility Study,Kinney,TX,"Kinney, TX",48271,ODLAW SWITCH (#7425),ERCOT,Cairos Solar,,ERCOT,"Cairos Solar, LLC",,,Generation,Solar,,,153.26,,,Solar,2023.0,2026
26INR0247,active,45177,46174,,,,"SS Completed, FIS Started, No IA",Facility Study,Martin,TX,"Martin, TX",48317,59901 Grelton 345 kV,ERCOT,Jane Storage Energy Center,,ERCOT,"NMRE Holdings, LLC",,,Generation,Battery,,,240.6,,,Battery,2023.0,2026
26INR0250,active,45159,46280,,,,"SS Completed, FIS Started, No IA",Facility Study,Matagorda,TX,"Matagorda, TX",48321,Tap 345kV WAP to STP CKT39 (PTI# 5915-44000 CKT 39),ERCOT,Duffy BESS,,ERCOT,Duffy Energy Storage LLC,,,Generation,Battery,,,235.9,,,Battery,2023.0,2026
26INR0252,active,45177,46302,,,,"SS Completed, FIS Started, No IA",Facility Study,Mclennan,TX,"McLennan, TX",48309,Tap 345kV 13405 Trading House - 68090 Sam Switch,ERCOT,Neutron Storage,,ERCOT,Neutron Storage,,,Generation,Battery,,,104.36,,,Battery,2023.0,2026
26INR0253,active,45191,46653,,,,"SS Completed, FIS Started, No IA",Facility Study,Van Zandt,TX,"Van Zandt, TX",48467,Tap Connection Bus 2485 Poetry Switch _x0013_ 3223 Shamburger Switch,ERCOT,Goldfinch Solar,,ERCOT,"BT DJ4M Solar, LLC",,,Generation,Solar,,,150.54,,,Solar,2023.0,2027
26INR0254,active,45203,46653,,,,"SS Completed, FIS Started, No IA",Facility Study,Van Zandt,TX,"Van Zandt, TX",48467,Tap Connection Bus 2485 Poetry Switch _x0013_ 3223 Shamburger Switch,ERCOT,Goldfinch Storage,,ERCOT,"BT DJ4M Solar, LLC",,,Generation,Battery,,,100.44,,,Battery,2023.0,2027
26INR0255,active,45244,46204,,,,"SS Completed, FIS Started, No IA",Facility Study,Concho,TX,"Concho, TX",48095,7077 Amos Creek 345kV,ERCOT,Operation Sunshine,,ERCOT,"Duck Creek Solar, LLC",,,Generation,Solar,,,602.1,,,Solar,2023.0,2026
26INR0258,active,45224,46905,,,,"SS Completed, FIS Started, No IA",Facility Study,Matagorda,TX,"Matagorda, TX",48321,Tap 138kV Conoco 8138 - Black Cat 80124,ERCOT,Running Iron Solar,,ERCOT,"Running Iron Solar, LLC",,,Generation,Solar,,,204.74,,,Solar,2023.0,2028
26INR0259,active,45224,46679,,,,"SS Completed, FIS Started, No IA",Facility Study,Colorado,TX,"Colorado, TX",48089,7258 Glidden Substation 138kV,ERCOT,Cottontail Energy Center,,ERCOT,Mission Clean Energy LLC,,,Generation,Battery,,,200.85,,,Battery,2023.0,2027
26INR0260,active,45224,46844,,,,"SS Completed, FIS Started, No IA",Facility Study,Val Verde,TX,"Val Verde, TX",48465,Comstock 138kV Substation (PSSE Bus #8683),ERCOT,Evans Creek Energy Storage,,ERCOT,Evans Creek Energy Storage LLC,,,Generation,Battery,,,102.96,,,Battery,2023.0,2028
26INR0269,active,45176,46574,,,45539,"SS Completed, FIS Started, IA",IA Executed,Stonewall,TX,"Stonewall, TX",48433,Tapping the 345 kV Line from Kirchhoff (Bus# 60707) to Clear Crossing (Bus# 60515),ERCOT,Moccasin Solar,,ERCOT,Swenson Solar LLC,,,Generation,Solar,,,806.8,,,Solar,2023.0,2027
26INR0272,active,45244,46116,,,,"SS Completed, FIS Started, No IA",Facility Study,Burnet,TX,"Burnet, TX",48053,70111 Flat Rock 138kV,ERCOT,Momentum Stout BESS,,ERCOT,"Momentum STOUT, LLC",,,Generation,Battery,,,125.5,,,Battery,2023.0,2026
26INR0274,active,45224,46864,,,,"SS Completed, FIS Started, No IA",Facility Study,Dallas,TX,"Dallas, TX",48113,2434 Seagoville SW 138kV,ERCOT,Malala Storage,,ERCOT,"Malala Storage, LLC",,,Generation,Battery,,,205.5,,,Battery,2023.0,2028
26INR0277,active,45212,46905,,,,"SS Completed, FIS Started, No IA",Facility Study,Culberson,TX,"Culberson, TX",48109,Elcor_8 bus # 11198,ERCOT,Salt-Lick Solar,,ERCOT,"Salt-Lick Solar, LLC",,,Generation,Solar,,,510.0,,,Solar,2023.0,2028
26INR0279,active,45244,46387,,,,"SS Completed, FIS Started, No IA",Facility Study,Ector,TX,"Ector, TX",48135,138 kV 1099 SOUTHWESTERN PORTLAND TAP - 11281 OLSIN SWITCH,ERCOT,Firebird Solar,,ERCOT,"TX Firebird SB 6, LLC",,,Generation,Solar,,,100.42,,,Solar,2023.0,2026
26INR0280,active,45192,46597,,,,"SS Completed, FIS Started, No IA",Facility Study,Wichita,TX,"Wichita, TX",48485,Tap Wichita Falls Switch (#1464) _x0013_ North Star (#1467) 138 kV Line,ERCOT,Pethrus BESS,,ERCOT,"Pethrus BESS, LLC",,,Generation,Battery,,,174.08,,,Battery,2023.0,2027
26INR0281,active,45191,46174,,,,"SS Completed, FIS Started, No IA",Facility Study,Nacogdoches,TX,"Nacogdoches, TX",48347,tap 138kV 3319 REDLAND_8 - 3120 NACOGDSE_8,ERCOT,SHAWNEE BOTTOM SOLAR,,ERCOT,"Shawnee Bottom Solar, LLC",,,Generation,Solar,,,153.0,,,Solar,2023.0,2026
26INR0282,suspended,45203,,,,,,,Shackelford,TX,"Shackelford, TX",48417,,ERCOT,Haute Stockage,,ERCOT,,,,Generation,Battery,,,307.32,,,Battery,2023.0,
26INR0283,active,45244,46235,,,,"SS Completed, FIS Started, No IA",Facility Study,Lee,TX,"Lee, TX",48287,7568 Lincoln 138 kV,ERCOT,Bonaparte BESS,,ERCOT,"Bonaparte BESS, LLC",,,Generation,Battery,,,153.67,,,Battery,2023.0,2026
26INR0285,active,45264,46949,,,,"SS Completed, FIS Completed, No IA",Facility Study,Grimes,TX,"Grimes, TX",48185,345 kV Singleton (#44645),ERCOT,Hill Valley BESS,,ERCOT,"Hill Valley BESS, LLC",,,Generation,Battery,,,245.8,,,Battery,2023.0,2028
26INR0286,suspended,45264,,,,,,,Lamar,TX,"Lamar, TX",48277,,ERCOT,Beaujolais BESS,,ERCOT,,,,Generation,Battery,,,307.2,,,Battery,2023.0,
26INR0287,active,45244,46387,,,,"SS Completed, FIS Started, No IA",Facility Study,Ector,TX,"Ector, TX",48135,138 kV 1099 SOUTHWESTERN PORTLAND TAP - 11281 OLSIN SWITCH,ERCOT,Firebird BESS,,ERCOT,"TX BESS 6, LLC",,,Generation,Battery,,,100.42,,,Battery,2023.0,2026
26INR0289,active,45224,46174,,,,"SS Completed, FIS Started, No IA",Facility Study,Matagorda,TX,"Matagorda, TX",48321,8115 Wadsworth Substation 138 kV,ERCOT,Wadsworth Storage Energy Center,,ERCOT,"Nova Clean Energy Real Estate, LLC",,,Generation,Battery,,,200.8,,,Battery,2023.0,2026
26INR0290,active,45278,46387,,,,"SS Completed, FIS Started, No IA",Facility Study,Schleicher,TX,"Schleicher, TX",48413,Tap 345kV line Big Hill (#76003) - Twin Buttes (#76009),ERCOT,Cold Creek Solar 2,,ERCOT,Cold Creek Solar LLC,,,Generation,Solar,,,445.41,,,Solar,2023.0,2026
26INR0291,active,45264,46387,,,,"SS Completed, FIS Started, No IA",Facility Study,Schleicher,TX,"Schleicher, TX",48413,Tap 345kV line Big Hill (#76003) - Twin Buttes (#76009),ERCOT,Cold Creek Storage 2,,ERCOT,Cold Creek Solar LLC,,,Generation,Battery,,,174.24,,,Battery,2023.0,2026
26INR0294,active,45212,46905,,,,"SS Completed, FIS Completed, No IA",Facility Study,Angelina,TX,"Angelina, TX",48005,Redland Substation (# 3321),ERCOT,Longleaf Power Station (TEF-Due Diligence),,ERCOT,"WattBridge Texas Holding, LLC",,,Generation,Gas,,,600.0,,,Gas,2023.0,2028
26INR0300,active,45278,46875,,,,"SS Completed, FIS Started, No IA",Facility Study,Grayson,TX,"Grayson, TX",48181,Tap 345kV 1729 Valley South _x0013_ Anna Switch 2373,ERCOT,Whitewright Solar 2,,ERCOT,"SunWR, LLC",,,Generation,Solar,,,301.69,,,Solar,2023.0,2028
26INR0301,active,45229,46449,,,,"SS Completed, FIS Started, No IA",Facility Study,Howard,TX,"Howard, TX",48227,Tap 138kV Bulldog (#23833) _x0013_ Elbow (#23834),ERCOT,Bhalu Storage,,ERCOT,"Bhalu Storage, LLC",,,Generation,Battery,,,205.5,,,Battery,2023.0,2027
26INR0306,active,45280,46752,,,,"SS Completed, FIS Started, No IA",Facility Study,San Patricio,TX,"San Patricio, TX",48409,8422 Dupont 138kV,ERCOT,Nautilus Heavy Storage,,ERCOT,"Nautilus Heavy Storage, LLC",,,Generation,Battery,,,256.24,,,Battery,2023.0,2027
26INR0312,active,45244,46326,,,,"SS Completed, FIS Started, No IA",Facility Study,Maverick,TX,"Maverick, TX",48323,138 kV Rosita Creek Substation (#78015),ERCOT,Senator Aggreko Storage,,ERCOT,Senator Aggreko Storage LLC,,,Generation,Battery,,,153.1,,,Battery,2023.0,2026
26INR0314,active,45203,46387,,,,"SS Completed, FIS Completed, No IA",Facility Study,Brazoria,TX,"Brazoria, TX",48039,Tap 138kV 39530 West Colombia LOCAL TNP - 39560 ANGLETON TNP,ERCOT,Brazos River BESS,,ERCOT,Brazos River BESS LLC,,,Generation,Battery,,,180.36,,,Battery,2023.0,2026
26INR0316,suspended,45260,,,,,,,Throckmorton,TX,"Throckmorton, TX",48447,,ERCOT,Lonesome Dove BESS,,ERCOT,,,,Generation,Battery,,,256.1,,,Battery,2023.0,
26INR0317,active,45244,46539,,,,"SS Completed, FIS Started, No IA",Facility Study,Harris,TX,"Harris, TX",48201,Tap Highlands (Bus # 40812) - HANEY ( BUS # 40790) 138 kV,ERCOT,Pinnacle Point Energy Storage,,ERCOT,"GCI Pinnacle Point, LLC",,,Generation,Battery,,,101.3,,,Battery,2023.0,2027
26INR0321,active,45244,46387,,,,"SS Completed, FIS Completed, No IA",Facility Study,Brazoria,TX,"Brazoria, TX",48039,Angleton (Bus #42110) - West Columbia Local (Bus #43381) 138 kV Substation,ERCOT,Windmill Ridge Storage,,ERCOT,"BT WMR Storage, LLC",,,Generation,Battery,,,151.4,,,Battery,2023.0,2026
26INR0324,active,45280,46357,,,,"SS Completed, FIS Started, No IA",Facility Study,Grimes,TX,"Grimes, TX",48185,345 kV Singleton (#44645),ERCOT,Misty Hollow BESS,,ERCOT,"Clear Fork BESS, LLC",,,Generation,Battery,,,245.8,,,Battery,2023.0,2026
26INR0325,suspended,45278,,,,,,,Wichita,TX,"Wichita, TX",48485,,ERCOT,Reynolds Park BESS,,ERCOT,,,,Generation,Battery,,,204.8,,,Battery,2023.0,
26INR0326,active,45260,46431,,,,"SS Completed, FIS Started, No IA",Facility Study,Throckmorton,TX,"Throckmorton, TX",48447,To Tap 345 kV Thomas Price Switch (Bus# 11523) to Clear Crossing (Bus# 60515) Line,ERCOT,Leaning Tree BESS,,ERCOT,"RamZ BESS, LLC",,,Generation,Battery,,,256.1,,,Battery,2023.0,2027
26INR0327,active,45260,46431,,,,"SS Completed, FIS Started, No IA",Facility Study,Throckmorton,TX,"Throckmorton, TX",48447,Tap 138 kV 792 Murray - 6169 Paint Creek,ERCOT,Sleepy Hollow BESS,,ERCOT,"Sleepy Hollow BESS, LLC",,,Generation,Battery,,,123.1,,,Battery,2023.0,2027
26INR0328,active,45224,46372,,,,"SS Completed, FIS Started, No IA",Facility Study,Dewitt,TX,"DeWitt, TX",48123,(#78575) LCRA Yorktown 138 kV,ERCOT,Yorktown BESS,,ERCOT,Navitas Energy LLC,,,Generation,Battery,,,150.49,,,Battery,2023.0,2026
26INR0331,active,45260,46569,,,,"SS Completed, FIS Started, No IA",Facility Study,Bexar,TX,"Bexar, TX",48029,Tap 345 kV 5231 HOWARD_5 _x0013_ 5400 SPRUCE,ERCOT,RUSH ESS,,ERCOT,OCI Solar Power LLC,,,Generation,Battery,,,202.7,,,Battery,2023.0,2027
26INR0333,active,45212,46054,,,45378,"SS Completed, FIS Completed, IA",IA Executed,Galveston,TX,"Galveston, TX",48167,"Bus Name: TnMainland1,
Bus Number: 38830,",ERCOT,VERTUS ENERGY STORAGE,,ERCOT,VERTUS ENERGY STORAGE LLC,,,Generation,Battery,,,401.4,,,Battery,2023.0,2026
26INR0340,active,45224,46054,,,,"SS Completed, FIS Completed, No IA",Facility Study,Galveston,TX,"Galveston, TX",48167,"Bus Name: TNHEIGHTS_1
Bus Number: 38740",ERCOT,SOUTHERN SELECT ENERGY STORAGE,,ERCOT,SOUTHERN SELECT ENERGY STORAGE LLC,,,Generation,Battery,,,404.3,,,Battery,2023.0,2026
26INR0343,active,45244,46813,,,,"SS Completed, FIS Started, No IA",Facility Study,Harris,TX,"Harris, TX",48201,Tap Atascocita 138kV Substation (Bus # 40130) - Lake Houston (Bus #40820),ERCOT,Stinger Energy Storage,,ERCOT,Stinger Energy Storage LLC,,,Generation,Battery,,,200.8,,,Battery,2023.0,2028
26INR0347,active,45264,46722,,,,"SS Completed, FIS Started, No IA",Facility Study,Matagorda,TX,"Matagorda, TX",48321,Tap 138kV 8121 Blessing - 8125 Lolita,ERCOT,Midfield PV Project SLF,,ERCOT,"HQC Solar Holdings 1, LLC",,,Generation,Solar,,,150.0,,,Solar,2023.0,2027
26INR0349,active,45244,47027,,,,"SS Completed, FIS Started, No IA",Facility Study,Collin,TX,"Collin, TX",48085,Farmersville 345kV Substation (PSSE BUS # 1685),ERCOT,ARTIO ENERGY STORAGE,,ERCOT,Artio Energy Storage LLC,,,Generation,Battery,,,205.94,,,Battery,2023.0,2028
26INR0350,active,45244,46143,,,,"SS Completed, FIS Started, No IA",Facility Study,Jack,TX,"Jack, TX",48237,579 JACK COUNTY 138kV,ERCOT,Jack County III _x0013_ 138 kV,,ERCOT,"Jack County Power Development, LLC",,,Generation,Gas,,,660.0,,,Gas,2023.0,2026
26INR0351,active,45244,46569,,,,"SS Completed, FIS Started, No IA",Facility Study,Jack,TX,"Jack, TX",48237,"Substation Name: JACK COUNTY 2 PLANT
STATION CODE: JCKCNTY2
BUS NUMBER: 575",ERCOT,Jack County III _x0013_ 345 kV (TEF -Due Diligence),,ERCOT,"Jack County Power Development, LLC",,,Generation,Gas,,,660.0,,,Gas,2023.0,2027
26INR0365,active,45264,46905,,,,"SS Completed, FIS Started, No IA",Facility Study,Crockett,TX,"Crockett, TX",48105,#6564 ILLN4A 138 KV,ERCOT,BLACK BEAR SOLAR,,ERCOT,"ESCONDIDO DRAW RESOURCES, LLC",,,Generation,Solar,,,102.9,,,Solar,2023.0,2028
26INR0375,active,45280,46357,,,45643,"SS Completed, FIS Completed, IA",IA Executed,Fort Bend,TX,"Fort Bend, TX",48157,Tapping the 345 kV Line from Smithers (Bus# 44650) to Bellaire (Bus# 47000).,ERCOT,Avalon BESS,,ERCOT,"Avalon BESS, LLC",,,Generation,Battery,,,522.12,,,Battery,2023.0,2026
27INR0004,active,44929,46599,,,,"SS Completed, FIS Started, No IA",Facility Study,Wilbarger,TX,"Wilbarger, TX",48487,345 kV Riley Substation (#6101); AEP,ERCOT,Dundee North Wind,,ERCOT,"Felix 2, LLC",,,Generation,Wind,,,307.72,,,Wind,2023.0,2027
27INR0005,active,44929,46599,,,,"SS Completed, FIS Started, No IA",Facility Study,Baylor,TX,"Baylor, TX",48023,345 kV Riley Substation  (#6101); AEP,ERCOT,Dundee South A Wind,,ERCOT,"Felix 2, LLC",,,Generation,Wind,,,307.23,,,Wind,2023.0,2027
27INR0007,active,44929,46599,,,,"SS Completed, FIS Started, No IA",Facility Study,Wilbarger,TX,"Wilbarger, TX",48487,The 345 kV Riley Substation (#6101); AEP,ERCOT,Felix East Solar,,ERCOT,"Felix 1, LLC",,,Generation,Solar,,,301.44,,,Solar,2023.0,2027
27INR0009,active,44929,46599,,,,"SS Completed, FIS Started, No IA",Facility Study,Wilbarger,TX,"Wilbarger, TX",48487,The 345 kV Riley Substation (#6101); AEP,ERCOT,Felix Storage,,ERCOT,"Felix 1, LLC",,,Generation,Battery,,,100.54,,,Battery,2023.0,2027
27INR0011,active,44943,46599,,,,"SS Completed, FIS Started, No IA",Facility Study,Baylor,TX,"Baylor, TX",48023,345 kV Riley Substation (#6101); AEP,ERCOT,Dundee South B Wind,,ERCOT,"Felix 2, LLC",,,Generation,Wind,,,300.27,,,Wind,2023.0,2027
27INR0012,active,44943,46599,,,,"SS Completed, FIS Started, No IA",Facility Study,Wilbarger,TX,"Wilbarger, TX",48487,6101 Riley 345 kV,ERCOT,Felix West Solar,,ERCOT,"Felix 1, LLC",,,Generation,Solar,,,200.95,,,Solar,2023.0,2027
27INR0014,active,44998,46569,,,,"SS Completed, FIS Started, No IA",Facility Study,Henderson,TX,"Henderson, TX",48213,Walton Switch (6899) 138KV,ERCOT,Kit Fox Storage,,ERCOT,"Kit Fox Storage, LLC",,,Generation,Battery,,,153.6,,,Battery,2023.0,2027
27INR0015,active,45012,46637,,,,"SS Completed, FIS Started, No IA",Facility Study,Nueces,TX,"Nueces, TX",48355,"8485 Westside Bulk 138kV substation, owned by AEP Texas Central Co., bus number #",ERCOT,Cumbia Energy Center,,ERCOT,Cumbia Energy Center LLC,,,Generation,Battery,,,200.0,,,Battery,2023.0,2027
27INR0019,withdrawn,45012,46631,,45246,,FIS,Facility Study,Wharton,TX,"Wharton, TX",48481,,ERCOT,Prairie Switch PV1 SLF,,ERCOT,"FRESH AIR ENERGY II, LLC",,,Generation,Solar,,,238.68,,,Solar,2023.0,2027
27INR0020,active,45012,46631,,,,"SS Completed, FIS Started, No IA",Facility Study,Haskell,TX,"Haskell, TX",48207,Tap 345kV 60514 Clear Crossing - 60507,ERCOT,SCOTT CROSSING PV1,,ERCOT,"FRESH AIR ENERGY II, LLC",,,Generation,Solar,,,364.14,,,Solar,2023.0,2027
27INR0021,active,45061,46722,,,,"SS Completed, FIS Started, No IA",Facility Study,Matagorda,TX,"Matagorda, TX",48321,Tap 345kV Refuge (42400) - Hawkinsville (42440) ckt 27,ERCOT,Live Oak Bayou Solar SLF,,ERCOT,"FRESH AIR ENERGY II, LLC",,,Generation,Solar,,,156.06,,,Solar,2023.0,2027
27INR0022,active,44998,46722,,,,"SS Completed, FIS Started, No IA",Facility Study,Carson,TX,"Carson, TX",48065,345 kV Railhead Substation (RAILHEAD #79005),ERCOT,Panhandle Flagship Solar 1,,ERCOT,Panhandle Solar Group Operating Company LLC,,,Generation,Solar,,,439.4,,,Solar,2023.0,2027
27INR0023,active,44998,46722,,,,"SS Completed, FIS Started, No IA",Facility Study,Hutchinson,TX,"Hutchinson, TX",48233,"345 kV Railhead Substation (RAILHEAD #79005).
Station 2 (27INR0023) connects to Station 1 (27INR0022 & 27INR0025)via a 4.9 mile internal tie line. Station 1 (27INR0022 & 27INR0025) connects to POIB via 22.5 mile tie-line",ERCOT,Panhandle Flagship Solar 2,,ERCOT,Panhandle Solar Group Operating Company LLC,,,Generation,Solar,,,304.4,,,Solar,2023.0,2027
27INR0024,active,44998,46722,,,,"SS Completed, FIS Started, No IA",Facility Study,Hutchinson,TX,"Hutchinson, TX",48233,345 kV Railhead Substation (RAILHEAD #79005).Station 3 (27INR0024) connects to Station 2 (27INR0023)via a 4.4 mile internal tie line. Station 2 connects to Station 1 (27INR0022 & 27INR0025)via a 4.9 mile internal tie line. Station 1 connects to POI,ERCOT,Panhandle Flagship Solar 3,,ERCOT,Panhandle Solar Group Operating Company LLC,,,Generation,Solar,,,260.3,,,Solar,2023.0,2027
27INR0025,active,44998,46722,,,,"SS Completed, FIS Started, No IA",Facility Study,Carson,TX,"Carson, TX",48065,345 kV Railhead Substation (RAILHEAD #79005),ERCOT,Panhandle Flagship Storage,,ERCOT,Panhandle Solar Group Operating Company LLC,,,Generation,Battery,,,371.7,,,Battery,2023.0,2027
27INR0029,active,45035,46722,,,,"SS Completed, FIS Started, No IA",Facility Study,Wichita,TX,"Wichita, TX",48485,Tap 345kV 6101 Riley - 1425 Fisher Road Switch,ERCOT,Short Creek BESS,,ERCOT,"Wichita Solar I, LLC",,,Generation,Battery,,,150.51,,,Battery,2023.0,2027
27INR0035,withdrawn,45049,46721,,45126,,FIS & SS Incomplete,Facility Study,Hidalgo,TX,"Hidalgo, TX",48215,,ERCOT,Delta Lake Irrigation District 1 Solar,,ERCOT,Mestenas Floating Solar LLC,,,Generation,Solar,,,186.96,,,Solar,2023.0,2027
27INR0040,active,45035,46477,,,,"SS Completed, FIS Started, No IA",Facility Study,Wise,TX,"Wise, TX",48497,576 RHOME 138kV,ERCOT,Solar Star Rhome Storage,,ERCOT,Solar Star Rhome Storage,,,Generation,Battery,,,220.7,,,Battery,2023.0,2027
27INR0047,active,45105,47054,,,45491,"SS Completed, FIS Started, IA",IA Executed,Nueces,TX,"Nueces, TX",48355,Bus# 8455 Lon C Hill to Bus# 80078 Reforzar 345 kV Line,ERCOT,Sunscape Renewable Energy Solar SLF,,ERCOT,Sunscape Renewable Energy LLC,,,Generation,Solar,,,522.75,,,Solar,2023.0,2028
27INR0049,active,45105,46417,,,,"SS Completed, FIS Started, No IA",Facility Study,Comanche,TX,"Comanche, TX",48093,Tap 345KV 1900 Comanche Peak to 1440 Comanche SS,ERCOT,Darkwood Solar,,ERCOT,"Mustang Creek Solar, LLC",,,Generation,Solar,,,150.76,,,Solar,2023.0,2027
27INR0050,active,45084,46417,,,,"SS Completed, FIS Started, No IA",Facility Study,Comanche,TX,"Comanche, TX",48093,Tap 345KV 1900 Comanche Peak - 1440 Comanche Switch,ERCOT,Darkwood BESS,,ERCOT,"Mustang Creek Solar, LLC",,,Generation,Battery,,,150.5,,,Battery,2023.0,2027
27INR0052,suspended,45152,,,,,,,Hill,TX,"Hill, TX",48217,,ERCOT,Aquilla Lake 3 Wind (Alternative POI Oncor 138KV),,ERCOT,,,,Generation,Wind,,,225.62,,,Wind,2023.0,
27INR0053,suspended,45176,,,,,,,Hill,TX,"Hill, TX",48217,,ERCOT,Aquilla Lake 3 Wind ( Alternative POI Oncor 345kV),,ERCOT,,,,Generation,Wind,,,225.62,,,Wind,2023.0,
27INR0056,active,45105,46418,,,,"SS Completed, FIS Started, No IA",Facility Study,Pecos,TX,"Pecos, TX",48371,Solstice to Bakersfield (Bus# 60404 -76002) 345kV Ckt 2 line tap,ERCOT,Laurel Wind Energy Center,,ERCOT,"Laurel Energy Center, LLC",,,Generation,Wind,,,501.76,,,Wind,2023.0,2027
27INR0061,active,45105,47635,,,,"SS Completed, FIS Started, No IA",Facility Study,Brazoria,TX,"Brazoria, TX",48039,42530 Jones Creek 345kV,ERCOT,Hecate Energy Orem Wind,,ERCOT,Hecate Energy LLC,,,Generation,Wind,,,1542.0,,,Wind,2023.0,2030
27INR0063,active,45117,46744,,,,"SS Completed, FIS Started, No IA",Facility Study,Hardeman,TX,"Hardeman, TX",48197,Tap #6101 Riley 7A to #60505 Edithcla 7B 345kV,ERCOT,Supra Wind,,ERCOT,"NextEra Energy Interconnection Holdings, LLC",,,Generation,Wind,,,205.86,,,Wind,2023.0,2027
27INR0065,suspended,45191,,,,,,,Jones,TX,"Jones, TX",48253,,ERCOT,Funston Solar,,ERCOT,,,,Generation,Solar,,,355.22,,,Solar,2023.0,
27INR0068,active,45152,46446,,,,"SS Completed, FIS Started, No IA",Facility Study,Hidalgo,TX,"Hidalgo, TX",48215,Tap 138kV 8906 North Alamo - 8354 Weslaco Switching Station,ERCOT,Jerboa BESS,,ERCOT,"Jerboa Storage, LLC",,,Generation,Battery,,,201.08,,,Battery,2023.0,2027
27INR0077,active,45195,46383,,,,"SS Completed, FIS Started, No IA",Facility Study,Webb,TX,"Webb, TX",48479,80219 Lobo 345kV,ERCOT,Cuchillas BESS,,ERCOT,Gransolar Texas Two,,,Generation,Battery,,,306.94,,,Battery,2023.0,2026
27INR0080,active,45176,46418,,,,"SS Completed, FIS Started, No IA",Facility Study,Pecos,TX,"Pecos, TX",48371,Tap 345kV 60404  Solstice - 76002 Bakersfield Ckt 2,ERCOT,Laurel Storage Energy Center,,ERCOT,"Laurel Energy Center, LLC",,,Generation,Battery,,,200.8,,,Battery,2023.0,2027
27INR0082,active,45260,46539,,,,"SS Completed, FIS Started, No IA",Facility Study,Bexar,TX,"Bexar, TX",48029,Tap 345 kV Calaveras Power Station (BUS #5400) to HOWARD_5 (BUS #5231).,ERCOT,Orbit Energy Storage,,ERCOT,"GCI Orbit Energy Storage, LLC",,,Generation,Battery,,,501.94,,,Battery,2023.0,2027
27INR0083,active,45212,46539,,,,"SS Completed, FIS Started, No IA",Facility Study,Bee,TX,"Bee, TX",48025,8196 Poesta Substation 138kV,ERCOT,Spinner Energy Storage,,ERCOT,"GCI Wolf Energy Storage, LLC",,,Generation,Battery,,,125.63,,,Battery,2023.0,2027
27INR0085,active,45212,46461,,,,"SS Completed, FIS Completed, No IA",Facility Study,Grimes,TX,"Grimes, TX",48185,"30.615932, -95.962023 - Singleton (Bus #44645) - Zenith (Bus #44900) Circuit #98 345 kV Line",ERCOT,Eagle Claw Energy Center,,ERCOT,"Cypress Energy Center, LLC",,,Generation,Battery,,,200.84,,,Battery,2023.0,2027
27INR0086,active,45191,46722,,,,"SS Completed, FIS Started, No IA",Facility Study,Borden,TX,"Borden, TX",48033,59905 Faraday 345 kV,ERCOT,Tumbleweed Solar,,ERCOT,Hecate Energy Tumbleweed Solar LLC,,,Generation,Solar,,,613.89,,,Solar,2023.0,2027
27INR0087,active,45203,46722,,,,"SS Completed, FIS Started, No IA",Facility Study,Borden,TX,"Borden, TX",48033,59905 Faraday 345 kV,ERCOT,Tumbleweed Storage,,ERCOT,Hecate Energy Tumbleweed Storage LLC,,,Generation,Battery,,,507.2,,,Battery,2023.0,2027
27INR0090,active,45212,46539,,,,"SS Completed, FIS Started, No IA",Facility Study,Bastrop,TX,"Bastrop, TX",48021,"Paige 138kV, bus number 7308, connecting to the existing substation via adding a breaker",ERCOT,Antonio Road BESS,,ERCOT,Tempus Power management LLC,,,Generation,Battery,,,155.52,,,Battery,2023.0,2027
27INR0091,active,45264,46695,,,,"SS Completed, FIS Started, No IA",Facility Study,Lavaca,TX,"Lavaca, TX",48285,Tap Shaula (#5380) _x0013_ South Texas (#5915),ERCOT,Oak Tree Energy Storage,,ERCOT,"Live Oak Energy Storage, LLC",,,Generation,Battery,,,310.2,,,Battery,2023.0,2027
27INR0092,active,45224,46583,,,,"SS Completed, FIS Started, No IA",Facility Study,Leon,TX,"Leon, TX",48289,(PSSE BUS# 47) HILTOPLKS8 138kV,ERCOT,Pecan BESS,,ERCOT,Gransolar Texas Three LLC,,,Generation,Battery,,,157.12,,,Battery,2023.0,2027
27INR0093,active,45244,46508,,,,"SS Completed, FIS Started, No IA",Facility Study,Guadalupe,TX,"Guadalupe, TX",48187,# 7044 Marion 345kV,ERCOT,Guadalupe Battery Storage Project,,ERCOT,"Guadalupe Power Partners, LP",,,Generation,Battery,,,210.5,,,Battery,2023.0,2027
27INR0095,active,45244,46142,,,,"SS Completed, FIS Started, No IA",Facility Study,Brazoria,TX,"Brazoria, TX",48039,39703 TNMP FM524 Substation 138kV,ERCOT,Bulldog Power,,ERCOT,Bulldog Power LLC,,,Generation,Gas,,,300.75,,,Gas,2023.0,2026
27INR0096,active,45244,45976,,,,"SS Completed, FIS Completed, No IA",Facility Study,Brazoria,TX,"Brazoria, TX",48039,39703 TNMP FM524 138kV,ERCOT,Rubicon Power BESS,,ERCOT,Rubicon Power LLC,,,Generation,Battery,,,301.38,,,Battery,2023.0,2025
27INR0097,active,45229,46846,,,,"SS Completed, FIS Started, No IA",Facility Study,Hopkins,TX,"Hopkins, TX",48223,TAP CASHSW_T5 (2464) -SULSP_SS1_5 (1697),ERCOT,JUNIPERUS BESS,,ERCOT,BLUE STONE RENEWABLE XXI LLC,,,Generation,Battery,,,226.39,,,Battery,2023.0,2028
27INR0099,active,45264,46419,,,,"SS Completed, FIS Started, No IA",Facility Study,Brazos,TX,"Brazos, TX",48041,TAP BRYN_WBRN (BUS #32895) - MILL_SW138 (BUS #32856) 138 KV LINE,ERCOT,Silver Spur Energy Center,,ERCOT,"Silver Spur Energy Center, LLC",,,Generation,Battery,,,200.83,,,Battery,2023.0,2027
27INR0102,active,45244,46497,,,,"SS Completed, FIS Completed, No IA",Facility Study,Wharton,TX,"Wharton, TX",48481,South Lane City and PSEE # is 43190,ERCOT,Cottonseed Energy Storage,,ERCOT,Cottonseed Energy Storage LLC,,,Generation,Battery,,,207.6,,,Battery,2023.0,2027
27INR0120,active,45280,46477,,,,"SS Completed, FIS Started, No IA",Facility Study,Matagorda,TX,"Matagorda, TX",48321,Tap 138kV Bay City (#8113) _x0013_ Black Cat (#80124),ERCOT,Solar Star Bay City Storage,,ERCOT,Solar Star Bay City Storage,,,Generation,Battery,,,201.6,,,Battery,2023.0,2027
27INR0128,active,45280,47118,,,,"SS Completed, FIS Started, No IA",Facility Study,King,TX,"King, TX",48269,Tap 345KV #59904 Cottonwood - #60500 Edith Clarke Ckt #2,ERCOT,Bigway Solar II,,ERCOT,"NextEra Energy Interconnection Holdings, LLC",,,Generation,Solar,,,200.0,,,Solar,2023.0,2028
28INR0005,active,45135,47300,,,,"SS Completed, FIS Started, No IA",Facility Study,Zapata,TX,"Zapata, TX",48505,TAP 345kV 80307 Del Sol 7C - 80225 Cenizo 7C,ERCOT,Tetris Solar,,ERCOT,NextEra Energy Interconnection Holdings LLC,,,Generation,Solar,,,350.0,,,Solar,2023.0,2029
28INR0007,active,45117,46935,,,,"SS Completed, FIS Started, No IA",Facility Study,Zapata,TX,"Zapata, TX",48505,TAP 138kV 8985 San Ygnacio - 8299 Zapata,ERCOT,Tetris Solar (Alternative POI),,ERCOT,NextEra Energy Interconnection Holdings LLC,,,Generation,Solar,,,350.0,,,Solar,2023.0,2028
28INR0008,active,45061,47116,,,,"SS Completed, FIS Started, No IA",Facility Study,Knox,TX,"Knox, TX",48275,Tap 345kV 6076 Foxtail - 60791 Perigee,ERCOT,Oriole Solar,,ERCOT,Rolling Plain Solar,,,Generation,Solar,,,503.91,,,Solar,2023.0,2028
28INR0009,active,45061,47116,,,,"SS Completed, FIS Started, No IA",Facility Study,Knox,TX,"Knox, TX",48275,Tap 345kV 6076 Foxtail - 60791 Perigee,ERCOT,Oriole BES,,ERCOT,Rolling Plains Solar,,,Generation,Battery,,,150.39,,,Battery,2023.0,2028
28INR0012,suspended,45117,,,,,,,Crockett,TX,"Crockett, TX",48105,,ERCOT,Shamrock II Wind,,ERCOT,,,,Generation,Wind,,,256.62,,,Wind,2023.0,
28INR0013,active,45117,46854,,,,"SS Completed, FIS Started, No IA",Facility Study,Limestone,TX,"Limestone, TX",48293,#68092 Liberty Station 345kV,ERCOT,Varadero Solar,,ERCOT,"NextEra Energy Interconnection Holdings, LLC",,,Generation,Solar,,,304.74,,,Solar,2023.0,2028
28INR0018,active,45280,47118,,,,"SS Completed, FIS Started, No IA",Facility Study,Oldham,TX,"Oldham, TX",48359,23906 AJ Swope Station 345kV,ERCOT,Channing Wind,,ERCOT,"NextEra Energy Interconnection Holdings, LLC",,,Generation,Wind,,,352.38,,,Wind,2023.0,2028
28INR0023,active,45264,47300,,,,"SS Completed, FIS Started, No IA",Facility Study,Briscoe,TX,"Briscoe, TX",48045,Tap 345kV 23914 Tule Canyon - 79001 Cross_W1,ERCOT,Silverton Solar,,ERCOT,"NextEra Energy Interconnection Holdings, LLC",,,Generation,Solar,,,401.2,,,Solar,2023.0,2029
29INR0003,active,45125,46843,,,,"SS Completed, FIS Started, No IA",Facility Study,Deaf Smith,TX,"Deaf Smith, TX",48117,23908 Deaf Smith station 345 kV,ERCOT,Aurelius Solar,,ERCOT,"IP Roman, LLC",,,Generation,Solar,,,1124.24,,,Solar,2023.0,2028
29INR0004,active,45152,46843,,,,"SS Completed, FIS Started, No IA",Facility Study,Deaf Smith,TX,"Deaf Smith, TX",48117,23908 Deaf Smith station 345 kV,ERCOT,Aurelius Wind,,ERCOT,"IP Roman, LLC",,,Generation,Wind,,,623.0,,,Wind,2023.0,2028
29INR0009,active,45264,47026,,,,"SS Completed, FIS Started, No IA",Facility Study,Deaf Smith,TX,"Deaf Smith, TX",48117,23908 Deaf Smith station 345 kV. This INR has a 600 MW PUN load at the medium voltage side of the MPTs for a total of 1800 MW PUN load (refer to the substation SLD).,ERCOT,Aurelius 2 Solar,,ERCOT,"IP Roman II, LLC",,,Generation,Solar,,,445.4,,,Solar,2023.0,2028
29INR0010,active,45264,47026,,,,"SS Completed, FIS Started, No IA",Facility Study,Deaf Smith,TX,"Deaf Smith, TX",48117,23908 Deaf Smith station 345kV,ERCOT,Aurelius 2 Wind,,ERCOT,"IP Roman II, LLC",,,Generation,Wind,,,623.0,,,Wind,2023.0,2028
29INR0011,active,45264,47208,,,,"SS Completed, FIS Started, No IA",Facility Study,Deaf Smith,TX,"Deaf Smith, TX",48117,23908 Deaf Smith station 345 kV. This INR has a 600 MW PUN load at the medium voltage side of the MPTs for a total of 1800 MW PUN load (refer to the substation SLD).,ERCOT,Aurelius 3 Solar,,ERCOT,"IP Roman III, LLC",,,Generation,Solar,,,445.4,,,Solar,2023.0,2029
29INR0012,active,45264,47208,,,,"SS Completed, FIS Started, No IA",Facility Study,Deaf Smith,TX,"Deaf Smith, TX",48117,23908 Deaf Smith station 345kV,ERCOT,Aurelius 3 Wind,,ERCOT,"IP Roman III, LLC",,,Generation,Wind,,,623.0,,,Wind,2023.0,2029
30INR0004,active,45105,47635,,,,"SS Completed, FIS Started, No IA",Facility Study,San Patricio,TX,"San Patricio, TX",48409,8659 Naismith 345kV,ERCOT,Hecate Energy Arkansas Wind,,ERCOT,Hecate Energy Gulf Wind LLC,,,Generation,Wind,,,1029.39,,,Wind,2023.0,2030
30INR0005,active,45278,47757,,,,"SS Completed, FIS Started, No IA",Facility Study,Bosque,TX,"Bosque, TX",48035,68040 Kopperl Substation 345kV,ERCOT,Woodland Energy Storage,,ERCOT,"Woodland Energy Storage, LLC",,,Generation,Battery,,,207.6,,,Battery,2023.0,2030
25INR0456,withdrawn,45138,45901,,45588,,FIS,Facility Study,Waller,TX,,,7671 Macedonia 138kV,ERCOT,Harden BESS,,ERCOT,"BRP Blue Topaz 14, LLC",,,,Battery,,,301.29,,,Battery,2023.0,2025
25INR0464,withdrawn,45125,46022,,45566,,FIS,Facility Study,Red River,TX,,,Tap 69kV 1785 BAGWELL1_9  1772 LAMARBM1_9,ERCOT,Unruh Solar,,ERCOT,"BT Unruh Solar, LLC",,,,Solar,,,150.74,,,Solar,2023.0,2025
26INR0284,withdrawn,45203,46569,,45573,,FIS,Facility Study,Limestone,TX,,,,ERCOT,Burgundy BESS,,ERCOT,"Burgundy BESS, LLC",,,,Battery,,,102.48,,,Battery,2023.0,2027
26INR0338,withdrawn,45212,46433,,45555,,FIS,Facility Study,Grayson,TX,,,,ERCOT,Yellow Rose BESS,,ERCOT,Black Mountain Energy Storage II,,,,Battery,,,201.0,,,Battery,2023.0,2027
26INR0354,withdrawn,45244,46327,,45583,,FIS,Facility Study,Jack,TX,,,,ERCOT,Butterfield Energy Storage,,ERCOT,Butterfield Energy Storage LLC,,,,Battery,,,207.6,,,Battery,2023.0,2026
