Organization Name,Organization Name URL,Last Funding Date,Last Funding Type,Headquarters Location,Company Type,Operating Status,Industries,Description,CB Rank (Organization),Stage,CB Rank (Company)
OpenEvidence,https://www.crunchbase.com/organization/openevidence,2025-07-15,Series B,"Cambridge, Massachusetts, United States",For Profit,Active,"Artificial Intelligence (AI), Clinical Trials, Medical, SaaS",OpenEvidence provides AI-powered medical search and clinical decision support.,73,,54
Commonwealth Fusion Systems,https://www.crunchbase.com/organization/commonwealth-fusion-systems,2025-08-27,Series B,"Cambridge, Massachusetts, United States",For Profit,Active,"Clean Energy, Electrical Distribution, Energy, Environmental Engineering, Renewable Energy",Commonwealth Fusion Systems designs and develops commercial fusion energy systems to produce clean energy.,91,,67
Indigo,https://www.crunchbase.com/organization/indigoag,2025-03-11,Venture - Series Unknown,"Boston, Massachusetts, United States",For Profit,Active,"Agriculture, AgTech, Farming, GreenTech",Indigo is an agricultural technology company that focuses on improving sustainability and profitability in farming practices.,120,,94
Ketryx,https://www.crunchbase.com/organization/ketryx,2025-09-04,Series B,"Cambridge, Massachusetts, United States",For Profit,Active,"Artificial Intelligence (AI), Business Process Automation (BPA), Compliance, SaaS, Software",Ketryx is an AI‑driven compliance platform that automates documentation tasks and workflows for regulated product teams.,214,,174
Odyssey Therapeutics,https://www.crunchbase.com/organization/odyssey-therapeutics-29e0,2025-09-10,Series D,"Cambridge, Massachusetts, United States",For Profit,Active,"Biotechnology, Health Care, Oncology, Therapeutics",Odyssey Therapeutics creates precision immunomodulators and oncology medicines for patients with cancer and inflammatory diseases.,287,,236
Liquid AI,https://www.crunchbase.com/organization/liquid-ai,2024-12-13,Series A,"Cambridge, Massachusetts, United States",For Profit,Active,"Artificial Intelligence (AI), Generative AI, Information Technology, Machine Learning",Build efficient general-purpose AI at every scale.,335,,277
Lightelligence,https://www.crunchbase.com/organization/lightelligence,2025-09-04,Series C,"Boston, Massachusetts, United States",For Profit,Active,"Artificial Intelligence (AI), Infrastructure, Semiconductor",Harnessing light to power new possibilities,372,,308
Blue Water Autonomy,https://www.crunchbase.com/organization/blue-water-autonomy,2025-08-26,Series A,"Boston, Massachusetts, United States",For Profit,Active,"Machinery Manufacturing, Manufacturing, Marine Transportation, Shipping",Blue Water Autonomy is a technology and shipbuilding company that revolutionizes naval operations through advanced autonomous vessels.,512,,428
Strand Therapeutics,https://www.crunchbase.com/organization/strand-therapeutics,2025-08-03,Series B,"Cambridge, Massachusetts, United States",For Profit,Active,"Biotechnology, Life Science, Pharmaceutical, Therapeutics",Strand Therapeutics is a biopharmaceutical company applying synthetic biology to RNA therapeutics to develop single dose mRNA treatments.,576,,486
Starburst,https://www.crunchbase.com/organization/starburst,2025-05-19,Venture - Series Unknown,"Boston, Massachusetts, United States",For Profit,Active,"Analytics, Big Data, Database, Information Technology, Open Source, Software","Starburst offers a data lakehouse platform unifying access to distributed data across cloud, on-premises, and hybrid environments.",579,,488
Sphere,https://www.crunchbase.com/organization/sphere-29de,2024-12-11,Venture - Series Unknown,"Boston, Massachusetts, United States",For Profit,Active,"B2B, Blockchain, Payments, Software",The operating system for stablecoins.,752,,640
Eleos Health,https://www.crunchbase.com/organization/eleos-health,2025-01-22,Series C,"Boston, Massachusetts, United States",For Profit,Active,"Artificial Intelligence (AI), Health Care, Information Technology, Mental Health",Eleos Health is a mental health startup that focuses on using voice analysis and NLP to improve treatment outcomes and workflow efficiency.,870,,740
Insilico Medicine,https://www.crunchbase.com/organization/insilico-medicine,2025-03-13,Series E,"Cambridge, Massachusetts, United States",For Profit,Active,"Artificial Intelligence (AI), Biotechnology, Health Care, Pharmaceutical",Insilico Medicine develops an AI platform for drug development to treat cancer and age-related diseases.,"1,264",,"1,082"
ARTBIO,https://www.crunchbase.com/organization/artbio,2025-07-29,Series B,"Cambridge, Massachusetts, United States",For Profit,Active,"Biotechnology, Health Care, Hospital, Medical, Medical Device, Pharmaceutical",ARTBIO is a clinical-stage radiopharmaceutical biotechnology business that is working to create a new class of alpha radioligand medicines.,"1,284",,"1,099"
Eyebot,https://www.crunchbase.com/organization/eyebot,2025-08-26,Series A,"Boston, Massachusetts, United States",For Profit,Active,"Artificial Intelligence (AI), Eyewear, Health Diagnostics, Robotics",Eyebot develops an eye examination technology to eliminate barriers and provide quality vision care.,"1,359",,"1,164"
QuEra Computing,https://www.crunchbase.com/organization/quera-computing,2025-02-11,Series B,"Boston, Massachusetts, United States",For Profit,Active,"Computer, Consumer Research, Quantum Computing","QuEra Computing is a provider of quantum computers that utilize neutral atom technology, aiming to innovate the field of quantum computing.","1,383",,"1,187"
7AI,https://www.crunchbase.com/organization/seven-ai,2025-02-05,Seed,"Boston, Massachusetts, United States",For Profit,Active,"Artificial Intelligence (AI), Computer, Cyber Security, Network Security, Software",7AI pioneers cybersecurity solutions that use powerful AI technology to defend enterprises from digital attacks.,"1,405",,"1,205"
VideaHealth,https://www.crunchbase.com/organization/videahealth,2025-01-28,Series B,"Boston, Massachusetts, United States",For Profit,Active,"Biotechnology, Health Care, Software","VideaHealth is offers dentistAI’s software automatically detects pathologies in dental imaging, helping dentists avoid missing diseases.","1,826",,"1,572"
Goodpath,https://www.crunchbase.com/organization/goodpath,2025-09-11,Series A,"Cambridge, Massachusetts, United States",For Profit,Active,"Health Care, Medical, Wellness",Goodpath is a health and wellness marketplace that specializes in virtual whole-person care for chronic conditions.,"1,838",,"1,584"
Push Security,https://www.crunchbase.com/organization/push-security,2025-04-21,Series B,"Boston, Massachusetts, United States",For Profit,Active,"Cloud Security, Cyber Security, Identity Management",A browser-native identity security platform that hardens your identity attack surface and prevents account takeover.,"1,980",,"1,709"
Maven AGI,https://www.crunchbase.com/organization/maven-agi,2025-06-18,Series B,"Boston, Massachusetts, United States",For Profit,Active,"Artificial Intelligence (AI), Enterprise, Generative AI, Machine Learning",Generative AI platform to reimagine customer experience starting with support,"1,984",,"1,713"
Biobot Analytics,https://www.crunchbase.com/organization/biobot-analytics,2025-06-06,Series A,"Cambridge, Massachusetts, United States",For Profit,Active,"Analytics, Artificial Intelligence (AI), Big Data, Biotechnology, Health Care, Information Services, Water",Biobot Analytics offers a wastewater data platform delivering population-level health insights.,"1,987",,"1,716"
Hue,https://www.crunchbase.com/organization/hue-beauty,2024-10-22,Seed,"Boston, Massachusetts, United States",For Profit,Active,"E-Commerce, E-Commerce Platforms, SaaS, Software",Hue is a SaaS platform that sources and integrates authentic video reviews on e-commerce brands’ websites and marketing channels.,"1,990",,"1,719"
Cascala Health,https://www.crunchbase.com/organization/cascala-health,2025-08-20,Seed,"Boston, Massachusetts, United States",For Profit,Active,"Artificial Intelligence (AI), Health Care, Home Health Care, Information Technology, Nursing and Residential Care",Cascala Health offers an AI-enabled technology and services platform on supporting patient care and coordination during care transitions.,"2,111",,"1,822"
Tive,https://www.crunchbase.com/organization/tive,2025-01-09,Series C,"Boston, Massachusetts, United States",For Profit,Active,"Enterprise Software, Internet of Things, Shipping, Software, Supply Chain Management",Tive develops a hardware and software platform designed to track the conditions of shipments.,"2,426",,"2,107"
Dewpoint Therapeutics,https://www.crunchbase.com/organization/dewpoint-therapeutics,2025-09-10,Series D,"Boston, Massachusetts, United States",For Profit,Active,"Biotechnology, Health Care, Life Science, Medical, Therapeutics",Dewpoint Therapeutics is a biotech company developing a drug platform that targets biomolecular condensates.,"2,818",,"2,436"
CloudZero,https://www.crunchbase.com/organization/cloudzero,2025-05-28,Series C,"Boston, Massachusetts, United States",For Profit,Active,"Cloud Computing, Cloud Management, Developer Tools, DevOps, Machine Learning, SaaS, Software",CloudZero is a cloud cost optimization platform that enables organizations to analyze and manage their cloud expenditures.,"3,029",,"2,628"
Epicore Biosystems,https://www.crunchbase.com/organization/epicore-biosystems,2025-05-01,Series B,"Cambridge, Massachusetts, United States",For Profit,Active,"Health Care, Medical Device, Personal Health, Wearables, Wellness","Epicore Biosystems is a digital health solutions company that develops sweat-sensing wearables, providing personalized health insights.","3,071",,"2,664"
Imbria Pharmaceuticals,https://www.crunchbase.com/organization/imbria-pharmaceuticals,2025-04-10,Series B,"Boston, Massachusetts, United States",For Profit,Active,"Biotechnology, Health Care, Life Science, Pharmaceutical",Imbria Pharmaceuticals is a clinical stage biotechnology company developing novel therapies for cardiometabolic diseases.,"3,251",,"2,821"
PhaseV,https://www.crunchbase.com/organization/phasev,2025-05-13,Series A,"Boston, Massachusetts, United States",For Profit,Active,"Artificial Intelligence (AI), Clinical Trials, Pharmaceutical, Therapeutics",PhaseV provides AI-driven solutions for efficient clinical development and operations.,"3,292",,"2,854"
Pickle Robot,https://www.crunchbase.com/organization/pickle-robots,2024-11-11,Series B,"Cambridge, Massachusetts, United States",For Profit,Active,"Artificial Intelligence (AI), Industrial Manufacturing, Robotics",Pickle Robot specializes in supplying AI-enabled robotic automation systems tailored for unloading trailers and containers.,"3,338",,"2,895"
Foundation Alloy,https://www.crunchbase.com/organization/foundation-alloy,2025-05-07,Seed,"Cambridge, Massachusetts, United States",For Profit,Active,"Industrial, Manufacturing, Product Design",Foundation Alloy is a vertically integrated metal part production platform.,"3,399",,"2,947"
Reggora,https://www.crunchbase.com/organization/reggora,2025-09-04,Venture - Series Unknown,"Boston, Massachusetts, United States",For Profit,Active,Real Estate,"Reggora is a cloud-based, two-sided appraisal platform.","3,612",,"3,139"
Atalanta Therapeutics,https://www.crunchbase.com/organization/atalanta-therapeutics,2025-01-28,Series B,"Boston, Massachusetts, United States",For Profit,Active,"Biotechnology, Health Care, Life Science",Atalanta Therapeutics is a biotechnology company pioneering new treatment options for neurodegenerative diseases.,"3,663",,"3,179"
Drivepoint,https://www.crunchbase.com/organization/drivepoint,2025-08-08,Series A,"Boston, Massachusetts, United States",For Profit,Active,"Analytics, Business Development, E-Commerce, Financial Services",Drivepoint (formerly Bainbridge) is the strategic finance platform for scaling consumer brands.,"3,805",,"3,308"
AllSpice.io,https://www.crunchbase.com/organization/allspice,2025-06-23,Series A,"Boston, Massachusetts, United States",For Profit,Active,"Collaboration, Software","AllSpice.io is a platform built for hardware teams, enabling engineers to manage, review, and collaborate on designs more effectively.","3,872",,"3,369"
Cartwheel,https://www.crunchbase.com/organization/cartwheel-8dc7,2025-08-18,Series B,"Cambridge, Massachusetts, United States",For Profit,Active,"Health Care, Mental Health, mHealth, Therapeutics, Wellness",Cartwheel offers mental health support to students in order to help schools regain balance in the midst of the student mental health crisis.,"3,979",,"3,459"
FireCompass,https://www.crunchbase.com/organization/firecompass,2025-09-03,Venture - Series Unknown,"Boston, Massachusetts, United States",For Profit,Active,"Big Data, Cyber Security, Information Technology, Internet, SaaS",FireCompass is a cybersecurity company that offers a Saas platform for Continuous Automated Red Teaming and Attack Surface Management.,"3,982",,"3,461"
Lila Sciences,https://www.crunchbase.com/organization/lila-sciences,2025-03-10,Seed,"Cambridge, Massachusetts, United States",For Profit,Active,"Artificial Intelligence (AI), Life Science, Software","Lila Sciences creates a scientific superintelligence platform and autonomous labs for life sciences, chemistry, and materials science.","4,056",,"3,523"
Proof,https://www.crunchbase.com/organization/notarize,2025-02-27,Venture - Series Unknown,"Boston, Massachusetts, United States",For Profit,Active,"Legal, Legal Tech, Software, Transaction Processing",Proof is an identity-assured transaction management platform that verifies identities and secures digital transactions.,"4,139",,"3,597"
Cohere Health,https://www.crunchbase.com/organization/cohere-health,2025-05-14,Series C,"Boston, Massachusetts, United States",For Profit,Active,"Consumer Software, Health Care, SaaS, Software",Cohere Health is a SaaS company that focuses on improving the efficiency and effectiveness of healthcare delivery.,"4,203",,"3,655"
Arbor Biotechnologies,https://www.crunchbase.com/organization/arbor-biotechnologies,2025-03-18,Series C,"Cambridge, Massachusetts, United States",For Profit,Active,"Biopharma, Biotechnology, Life Science",Arbor Biotechnologies is a biotechnology company specializing in next-generation gene editing therapeutics to treat genetic diseases.,"4,281",,"3,720"
1910 Genetics,https://www.crunchbase.com/organization/1910-genetics,2024-10-31,Venture - Series Unknown,"Boston, Massachusetts, United States",For Profit,Active,"Artificial Intelligence (AI), Biotechnology, Therapeutics","1910 Genetics is a biotechnology company integrating AI, computation, and biological automation to improve drug development.","5,207",,"4,540"
Clasp,https://www.crunchbase.com/organization/almapact-inc,2024-09-17,Series B,"Boston, Massachusetts, United States",For Profit,Active,"Education, Finance, Financial Services",Clasp is a financial technology company that offers an alternative to traditional student loans through income share agreements.,"5,254",,"4,582"
H2Ok Innovations,https://www.crunchbase.com/organization/h2ok-innovations,2025-07-16,Series A,"Cambridge, Massachusetts, United States",For Profit,Active,"Artificial Intelligence (AI), Consumer Goods, Industrial Automation, Manufacturing, Sensor",H2Ok Innovations transforms the operations of food and beverage factories through in-line sensors and AI solutions.,"5,342",,"4,659"
Aktis Oncology,https://www.crunchbase.com/organization/aktis-oncology,2024-09-30,Series B,"Boston, Massachusetts, United States",For Profit,Active,"Biotechnology, Health Care, Life Science, Oncology",Aktis Oncology is a biotechnology company that designs and develops novel class radiopharmaceuticals.,"5,547",,"4,846"
Outcomes4Me,https://www.crunchbase.com/organization/outcomes4me,2025-05-29,Series A,"Boston, Massachusetts, United States",For Profit,Active,"Artificial Intelligence (AI), Health Care, Medical, Oncology, Personal Health, Software",Outcomes4Me develops direct-to-patient AI-driven platform designed to assist cancer patients in managing their care.,"5,624",,"4,914"
Neurable,https://www.crunchbase.com/organization/neurable,2025-05-30,Series A,"Boston, Massachusetts, United States",For Profit,Active,"Artificial Intelligence (AI), Augmented Reality, Human Computer Interaction, Neuroscience, Virtual Reality",Neurable is a neurotechnology company focused on developing AI tools for brain signal translation and brain-computer interface technology.,"5,814",,"5,087"
Somite,https://www.crunchbase.com/organization/somite,2025-08-20,Venture - Series Unknown,"Boston, Massachusetts, United States",For Profit,Active,"Artificial Intelligence (AI), Biotechnology",Somite is leveraging data and AI to introduce novel cell replacement therapies.,"5,881",,"5,151"
Antares Therapeutics,https://www.crunchbase.com/organization/antares-therapeutics-971a,2025-05-15,Series A,"Boston, Massachusetts, United States",For Profit,Active,"Biopharma, Biotechnology, Ediscovery, Health Care, Life Science, Manufacturing, Therapeutics","Antares is a biotechnology company focused on developing transformational,medicines targeting validated cancer and other serious diseases.","5,970",,"5,230"
Method AI,https://www.crunchbase.com/organization/method-ai-1ef3,2025-08-21,Series A,"Boston, Massachusetts, United States",For Profit,Active,"Artificial Intelligence (AI), Health Care, Medical, Robotics, Software",Method AI is developing an AI-backed surgical navigation platform.,"6,040",,"5,287"
Axonis Therapeutics,https://www.crunchbase.com/organization/axonius-ca2a,2024-10-30,Series A,"Boston, Massachusetts, United States",For Profit,Active,"Biotechnology, Life Science, Medical",Axonis Therapeutics is a neuro-focused biotechnology company that focuses on the development of novel neuromedicines.,"6,418",,"5,620"
Stratus Therapeutics,https://www.crunchbase.com/organization/garuda-therapeutics,2025-03-04,Series A,"Cambridge, Massachusetts, United States",For Profit,Active,"Biotechnology, Health Care, Life Science, Therapeutics",Stratus Therapeutics develops off-the-shelf hematopoietic stem cell therapies to treat severe and life-threatening diseases.,"6,785",,"5,953"
Seaport Therapeutics,https://www.crunchbase.com/organization/seaport-therapeutics,2024-10-21,Series B,"Boston, Massachusetts, United States",For Profit,Active,"Biotechnology, Pharmaceutical, Therapeutics",Seaport Therapeutics operates as a clinical stage biopharmaceutical company.,"6,987",,"6,130"
Tessera Therapeutics,https://www.crunchbase.com/organization/tessera-therapeutics,2024-12-18,Venture - Series Unknown,"Cambridge, Massachusetts, United States",For Profit,Active,"Biopharma, Biotechnology, Genetics, Life Science, Therapeutics",Tessera Therapeutics is a biotechnology company pioneering Gene Writing™ to drive advancements in genome engineering.,"6,999",,"6,140"
Dash Bio,https://www.crunchbase.com/organization/dash-bio,2025-07-23,Seed,"Boston, Massachusetts, United States",For Profit,Active,"Biotechnology, Robotics, Software",Dash Bio is a modern automated platform.,"7,066",,"6,199"
Lumafield,https://www.crunchbase.com/organization/meter,2025-03-13,Series C,"Cambridge, Massachusetts, United States",For Profit,Active,"Hardware, Manufacturing, Medical Device, Software",Lumafield develops industrial computed tomography (CT) solutions for non-destructive testing and inspection for engineers.,"7,075",,"6,207"
AIRNA,https://www.crunchbase.com/organization/airna,2025-04-01,Series B,"Cambridge, Massachusetts, United States",For Profit,Active,"Biotechnology, Health Care, Medical",AIRNA develops RNA editing technologies to create medicines for various diseases.,"7,239",,"6,341"
Be Biopharma,https://www.crunchbase.com/organization/be-biopharma,2025-01-15,Series C,"Cambridge, Massachusetts, United States",For Profit,Active,"Biopharma, Biotechnology, Pharmaceutical",Be Biopharma develops engineered B cell medicines for serious genetic diseases.,"7,270",,"6,369"
MoldCo,https://www.crunchbase.com/organization/moldco,2024-12-10,Pre-Seed,"Boston, Massachusetts, United States",For Profit,Active,"Health Care, Medical",MoldCo helps you reclaim your health from mold with virtual care and specialized lab testing.,"7,545",,"6,622"
Datalign Advisory,https://www.crunchbase.com/organization/datalign-advisory,2025-09-04,Seed,"Cambridge, Massachusetts, United States",For Profit,Active,"Artificial Intelligence (AI), Finance",Datalign Advisory is a Fintech company that connects Americans with trusted financial advisors.,"7,670",,"6,732"
Anumana,https://www.crunchbase.com/organization/anumana,2025-04-24,Series C,"Cambridge, Massachusetts, United States",For Profit,Active,"Artificial Intelligence (AI), Health Care, Health Diagnostics, Medical Device",Anumana develops AI-driven ECG algorithms for early cardiovascular diagnosis and care.,"7,811",,"6,859"
Catena Labs,https://www.crunchbase.com/organization/catena-labs,2025-05-20,Seed,"Boston, Massachusetts, United States",For Profit,Active,"Artificial Intelligence (AI), Information Technology, Internet","Catena Labs incubate independent products spanning identity, communications, AI, and commerce.","8,034",,"7,053"
Three Space Lab,https://www.crunchbase.com/organization/three-space-lab,2025-08-19,Seed,"Cambridge, Massachusetts, United States",For Profit,Active,"Information Technology, PropTech, Software, Virtual Reality","Luxury VR experiences bridging the present and future of the built environment—anytime, anywhere.","8,041",,"7,060"
Labviva,https://www.crunchbase.com/organization/labviva,2025-01-13,Series B,"Boston, Massachusetts, United States",For Profit,Active,"Health Care, Life Science, Marketplace, Procurement, Supply Chain Management",Labviva is a life sciences purchasing and inventory platform that enhances transparency in supply chain and procurement processes.,"8,518",,"7,486"
Syntis Bio,https://www.crunchbase.com/organization/syntis-bio,2025-07-01,Series A,"Boston, Massachusetts, United States",For Profit,Active,"Health Care, Medical, Therapeutics","Syntis Bio operates as a late-stage preclinical company that develops oral therapies for obesity, diabetes, and rare diseases.","8,654",,"7,609"
Cambridge Terahertz,https://www.crunchbase.com/organization/cambridge-terahertz,2025-07-21,Seed,"Cambridge, Massachusetts, United States",For Profit,Active,"Business Development, Information Technology, Internet, SaaS","Cambridge Terahertz is a technology company that offers SaaS applications, REST APIs, and 3D imaging systems.","9,137",,"8,049"
Apnimed,https://www.crunchbase.com/organization/apnimed,2025-04-24,Venture - Series Unknown,"Cambridge, Massachusetts, United States",For Profit,Active,"Health Care, Medical, Medical Device",Apnimed is a clinical-stage company dedicated to the discovery of novel pharmacologic therapies for sleep apnea and related disorders.,"9,191",,"8,100"
Bambusa Therapeutics,https://www.crunchbase.com/organization/bambusa-therapeutics,2025-02-14,Series A,"Boston, Massachusetts, United States",For Profit,Active,"Biotechnology, Health Care, Life Science, Medical",Bambusa Therapeutics operates as biotechnology company.,"9,283",,"8,182"
Sensorium Therapeutics,https://www.crunchbase.com/organization/sensorium-therapeutics,2025-08-29,Series A,"Boston, Massachusetts, United States",For Profit,Active,"Health Care, Medical, Therapeutics",Sensorium Therapeutics is a drug discovery platform that develops novel FDA-approved psychoactive medicines.,"9,705",,"8,556"
City Therapeutics,https://www.crunchbase.com/organization/city-therapeutics,2024-10-08,Series A,"Cambridge, Massachusetts, United States",For Profit,Active,"Biopharma, Life Science, Therapeutics",City Therapeutics is a biopharmaceutical company focused on developing next-generation small interfering RNAs.,"9,761",,"8,609"
Singulr AI,https://www.crunchbase.com/organization/singulr-ai,2024-10-25,Seed,"Boston, Massachusetts, United States",For Profit,Active,"Artificial Intelligence (AI), Information Technology, Software",Singulr AI is an AI-powered test automation platform for generating and maintaining tests across web and mobile apps.,"10,284",,"9,083"
Cariina,https://www.crunchbase.com/organization/busways,2025-09-02,Seed,"Boston, Massachusetts, United States",For Profit,Active,"EdTech, Software",Organizational Management Platform for K-12 Schools.,"10,442",,"9,224"
TRIMTECH Therapeutics,https://www.crunchbase.com/organization/trimtech-therapeutics,2025-03-05,Seed,"Cambridge, Massachusetts, United States",For Profit,Active,"Biotechnology, Medical, Therapeutics",TRIMTECH Therapeutics treats inflammatory and persistent CNS conditions by focusing on the elimination of harmful proteins.,"10,530",,"9,305"
Vizgen,https://www.crunchbase.com/organization/vizgen,2024-10-09,Series D,"Cambridge, Massachusetts, United States",For Profit,Active,"Biotechnology, Health Care, Life Science, Medical","Vizgen is a biotech company that develops solutions for next-generation spatially resolved, single-cell transcriptomics.","10,725",,"9,479"
Accion Systems,https://www.crunchbase.com/organization/accion-systems,2024-09-27,Venture - Series Unknown,"Boston, Massachusetts, United States",For Profit,Active,"Aerospace, Hardware, Manufacturing, Product Design",Accion Systems provides in-space propulsion systems for satellites based on proprietary technology developed at MIT.,"10,732",,"9,485"
Conduit,https://www.crunchbase.com/organization/conduit-6c44,2025-03-05,Series A,"Boston, Massachusetts, United States",For Profit,Active,"Financial Services, FinTech, Information Technology, Payments","Conduit is a better way for global businesses to simply and cheaply move money with faster speed, better visibility and fewer steps.","10,938",,"9,674"
Vaxess Technologies,https://www.crunchbase.com/organization/vaxess-technologies,2025-04-09,Venture - Series Unknown,"Cambridge, Massachusetts, United States",For Profit,Active,"Biotechnology, Health Care, Medical",Vaxess Technologies engages in developing biomedical innovations with a focus on improving access to vaccines.,"11,351",,"10,048"
Agency AI,https://www.crunchbase.com/organization/agency-ai,2024-10-17,Seed,"Boston, Massachusetts, United States",For Profit,Active,"Artificial Intelligence (AI), Business Development, Customer Service",Agency AI helps to manage workflows of B2B Customer Success teams,"11,655",,"10,322"
Stylus Medicine,https://www.crunchbase.com/organization/stylus-medicine,2025-05-12,Series A,"Cambridge, Massachusetts, United States",For Profit,Active,"Biotechnology, Emergency Medicine, SaaS",Stylus Medicine is on a quest to create disease-treating agents for the next generation based on the groundbreaking work of its founders.,"12,078",,"10,697"
Ennoventure,https://www.crunchbase.com/organization/ennoventure,2024-11-12,Series A,"Cambridge, Massachusetts, United States",For Profit,Active,"Artificial Intelligence (AI), Brand Marketing, Cyber Security, SaaS",Ennoventure is a Saas firm that offers anticounterfeiting and brand engagement services.,"12,204",,"10,811"
VODA.ai,https://www.crunchbase.com/organization/voda,2025-06-10,Series A,"Boston, Massachusetts, United States",For Profit,Active,"Artificial Intelligence (AI), Asset Management, Machine Learning, Predictive Analytics, Software, Water","VODA.ai is an Artificial Intelligence company, serving the water utility market.","12,351",,"10,946"
Newleos Therapeutics,https://www.crunchbase.com/organization/newleos-therapeutics,2025-02-13,Series A,"Boston, Massachusetts, United States",For Profit,Active,"Biotechnology, Neuroscience",Newleos Therapeutics is a biotech startup dedicated to producing safer and more effective neuroscience medicines.,"12,923",,"11,455"
Judo Bio,https://www.crunchbase.com/organization/judo-bio,2024-10-07,Series A,"Cambridge, Massachusetts, United States",For Profit,Active,"Biotechnology, Life Science, Medical, Therapeutics",Judo Bio is a biotechnology company that develops precision therapeutics targeting specific cell populations to address genetic diseases.,"13,047",,"11,566"
Blockskye,https://www.crunchbase.com/organization/blockskye,2025-07-17,Series C,"Boston, Massachusetts, United States",For Profit,Active,"Blockchain, Financial Services, Service Industry, Software",Blockskye is a technology platform.,"13,082",,"11,597"
Zordi,https://www.crunchbase.com/organization/zordi,2025-05-01,Venture - Series Unknown,"Boston, Massachusetts, United States",For Profit,Active,"Artificial Intelligence (AI), Farming, Robotics",Zordi is an autonomous modular greenhouse platform operated by artificial intelligence and robots.,"13,163",,"11,668"
Solu Therapeutics,https://www.crunchbase.com/organization/solu-therapeutics,2025-04-09,Series A,"Boston, Massachusetts, United States",For Profit,Active,"Biotechnology, Medical, Therapeutics",Solu Therapeutics Platform Company that develops antibody-based medicines using a degradable warhead.,"13,420",,"11,901"
Piction Health,https://www.crunchbase.com/organization/lumindx,2024-09-27,Venture - Series Unknown,"Boston, Massachusetts, United States",For Profit,Active,"Artificial Intelligence (AI), Health Care, Medical, mHealth, Telehealth","Piction Health uses telehealth technology to provide dermatology services, focusing on accessible skin care solutions.","13,487",,"11,961"
DaCapo Brainscience,https://www.crunchbase.com/organization/dacapo-brainscience,2025-06-30,Seed,"Cambridge, Massachusetts, United States",For Profit,Active,Biotechnology,"DaCapo Brainscience develops disease-modifying therapies for neurodegenerative diseases, focusing on innovative treatments.","13,650",,"12,107"
Almond FinTech,https://www.crunchbase.com/organization/almond-fintech,2024-10-01,Seed,"Boston, Massachusetts, United States",For Profit,Active,"Financial Services, FinTech","Almond uses routing orchestration to select optimal time, currency, and network for best possible cross-border payment rates.","13,667",,"12,123"
Embr Labs,https://www.crunchbase.com/organization/embr-labs,2025-04-01,Venture - Series Unknown,"Boston, Massachusetts, United States",For Profit,Active,"Consumer Electronics, Lifestyle, Software, Wearables, Wellness",Embr Labs is a thermal wellness technology company that harnesses the body’s natural response to temperature to enhance human wellbeing.,"13,880",,"12,314"
Merida Biosciences,https://www.crunchbase.com/organization/merida-biosciences,2025-04-08,Series A,"Cambridge, Massachusetts, United States",For Profit,Active,"Biotechnology, Life Science, Therapeutics","Merida Biosciences is a biotech company focused on developing precision treatments, particularly for autoimmune diseases.","14,269",,"12,666"
Unruly Studios,https://www.crunchbase.com/organization/unruly-studios,2024-11-19,Seed,"Boston, Massachusetts, United States",For Profit,Active,"Computer, Education, Gaming, iOS","Unruly Studios creates interactive games that combines physical, recess style play with STEM education for kids.","14,492",,"12,875"
nChroma Bio,https://www.crunchbase.com/organization/nchroma-bio,2024-12-11,Venture - Series Unknown,"Boston, Massachusetts, United States",For Profit,Active,"Biotechnology, Medical, Product Research",nChroma Bio is a cutting-edge biotechnology business that is developing targeted in vivo delivery systems as well as best-in-class cargo.,"14,808",,"13,170"
Herald,https://www.crunchbase.com/organization/herald-api,2024-10-16,Series A,"Boston, Massachusetts, United States",For Profit,Active,"Developer APIs, Insurance, InsurTech",Herald builds digital infrastructure for commercial insurance.,"14,849",,"13,208"
Claim,https://www.crunchbase.com/organization/claim,2024-10-08,Series A,"Boston, Massachusetts, United States",For Profit,Active,"Apps, Brand Marketing, Social Network",Claim is a social application that allows users to earn and trade rewards with friends.,"14,967",,"13,315"
Tutor Intelligence,https://www.crunchbase.com/organization/tutor-intelligence,2025-05-14,Venture - Series Unknown,"Cambridge, Massachusetts, United States",For Profit,Active,"Artificial Intelligence (AI), Information Technology, Machine Learning, Robotics","Tutor Intelligence is an information technology company that specializes in the fields of robotics, AI, and machine learning.","14,980",,"13,327"
Lynx,https://www.crunchbase.com/organization/lynx-a51b,2025-02-06,Series A,"Boston, Massachusetts, United States",For Profit,Active,"FinTech, Health Care, Payments","Lynx provides an API-driven platform for businesses to integrate healthcare financial services, payments, banking, and investments.","15,304",,"13,632"
apiphani,https://www.crunchbase.com/organization/apiphani,2025-08-28,Venture - Series Unknown,"Boston, Massachusetts, United States",For Profit,Active,"Consulting, Database, Information Services, Information Technology","apiphani offers strategic & operational consulting, database management, and managed services.","15,605",,"13,912"
PAQ Therapeutics,https://www.crunchbase.com/organization/paq-therapeutics,2025-05-05,Series B,"Cambridge, Massachusetts, United States",For Profit,Active,"Biotechnology, Health Care, Therapeutics",PAQ Therapeutics is a biotechnology company pioneering a new approach to restoring health and curing disease through autophagy.,"15,774",,"14,069"
Hyperlight,https://www.crunchbase.com/organization/hyperlight,2024-09-23,Series B,"Cambridge, Massachusetts, United States",For Profit,Active,"Electronics, Internet, Semiconductor, Software",HyperLight is a producer of thin-film lithium niobate photonic integrated circuit solutions.,"15,830",,"14,119"
basys.ai,https://www.crunchbase.com/organization/basys-ai,2024-09-16,Seed,"Cambridge, Massachusetts, United States",For Profit,Active,"Artificial Intelligence (AI), Health Care, Software",Basys.ai automates the process of prior authorization and utilization management for health plans/payers using an AI-based platform.,"16,032",,"14,294"
Genomate Health,https://www.crunchbase.com/organization/genomate-health,2025-04-01,Seed,"Cambridge, Massachusetts, United States",For Profit,Active,"Artificial Intelligence (AI), Biotechnology, Health Care, Medical Device, Precision Medicine",Genomate Health is a digital health company that develops computational (AI) solutions for personalized medicine.,"16,111",,"14,365"
TrustCloud,https://www.crunchbase.com/organization/trustcloudai,2025-05-20,Venture - Series Unknown,"Boston, Massachusetts, United States",For Profit,Active,"SaaS, Software","TrustCloud turns security into a profit center by automating first & third party risk and compliance assessments, with assurance.","16,267",,"14,508"
Rhino Federated Computing,https://www.crunchbase.com/organization/rhino-health,2025-05-22,Series A,"Boston, Massachusetts, United States",For Profit,Active,"Artificial Intelligence (AI), Health Care, Information Technology, Software",Rhino Federated Computing provides a platform for AI collaboration enterprises to accelerate data strategies and to expand AI use cases.,"16,502",,"14,721"
Centaur Labs,https://www.crunchbase.com/organization/centaur-labs,2024-10-08,Series B,"Boston, Massachusetts, United States",For Profit,Active,"Artificial Intelligence (AI), Computer Vision, Crowdsourcing, Data Collection and Labeling, Health Care, Life Science, Medical, Natural Language Processing",Centaur provides a platform and services for high quality data annotation,"16,941",,"15,124"
BusRight,https://www.crunchbase.com/organization/busright,2025-04-15,Series A,"Boston, Massachusetts, United States",For Profit,Active,"Information Technology, Software, Travel",BusRight operates a school-bus tracking application that is intended to improve student safety .,"17,163",,"15,325"
Code Metal,https://www.crunchbase.com/organization/code-metal,2025-06-26,Venture - Series Unknown,"Boston, Massachusetts, United States",For Profit,Active,"Artificial Intelligence (AI), Information Technology, Software","Code Metal delivers an AI-based development platform that transforms high-level code into edge-optimized, production-ready deployments.","17,258",,"15,413"
Fizz,https://www.crunchbase.com/organization/fizz-f39a,2025-05-15,Series A,"Cambridge, Massachusetts, United States",For Profit,Active,"Credit Cards, Debit Cards, Financial Services","Fizz is building the financial ally for young adults, starting with a debit card that helps college students build credit.","17,513",,"15,649"
Transition Bio,https://www.crunchbase.com/organization/transition-bio,2024-10-24,Venture - Series Unknown,"Cambridge, Massachusetts, United States",For Profit,Active,"Biotechnology, Health Care, Health Diagnostics, Medical",Transition Bio provides condensate technology for drug discovery and diagnostics.,"17,567",,"15,696"
Incentivio,https://www.crunchbase.com/organization/incentivio,2025-03-27,Venture - Series Unknown,"Boston, Massachusetts, United States",For Profit,Active,"Apps, Cloud Data Services, Mobile, Restaurants, Software",Incentivio is helping restaurants win restaurant 2.0 by transforming the restaurant experience for the digital age.,"17,640",,"15,764"
FutureMoney,https://www.crunchbase.com/organization/futuremoney-5b86,2024-10-09,Pre-Seed,"Boston, Massachusetts, United States",For Profit,Active,"Financial Services, Software","SaaS, FinTech, B2B, B2C, Wealth","17,659",,"15,781"
Biography,https://www.crunchbase.com/organization/biography-33df,2025-05-14,Seed,"Boston, Massachusetts, United States",For Profit,Active,Software,Building the future of human-computer interaction.,"18,415",,"16,479"
Vizit,https://www.crunchbase.com/organization/vizit,2024-10-02,Series B,"Boston, Massachusetts, United States",For Profit,Active,"Artificial Intelligence (AI), Content Creators, Enterprise Software, Machine Learning, Predictive Analytics",Vizit is a visual AI platform that optimizes ecommerce content for conversions.,"18,446",,"16,507"
Aviceda Therapeutics,https://www.crunchbase.com/organization/aviceda-therapeutics,2025-01-07,Series C,"Cambridge, Massachusetts, United States",For Profit,Active,"Biotechnology, Health Care, Life Science, Pharmaceutical, Therapeutics",Aviceda Therapeutics is a late-stage pre-clinical biotech company developing drugs for treating glyco-immune diseases.,"18,567",,"16,621"
HelloPrenup,https://www.crunchbase.com/organization/helloprenup,2025-07-10,Seed,"Boston, Massachusetts, United States",For Profit,Active,"Legal, Legal Tech, Software",World's first digital prenup platform designed to help build healthy and happy marriages.,"18,688",,"16,733"
RootPath,https://www.crunchbase.com/organization/rootpath,2025-04-24,Venture - Series Unknown,"Cambridge, Massachusetts, United States",For Profit,Active,"Biotechnology, Precision Medicine",RootPath is a biotechnology company developing a powerful personalized T cell therapy platform that bridges precision medicine.,"18,744",,"16,788"
Corvus Robotics,https://www.crunchbase.com/organization/corvus-robotics,2024-10-08,Series A,"Boston, Massachusetts, United States",For Profit,Active,"Drones, Robotics, Warehouse Automation, Warehousing",Corvus Robotics makes indoor drones for warehouses inventory service.,"18,977",,"17,003"
REsurety,https://www.crunchbase.com/organization/resurety,2024-10-15,Series C,"Boston, Massachusetts, United States",For Profit,Active,"Clean Energy, Energy, Renewable Energy, Software",REsurety is a provider of risk management and software products to the buyers and sellers of clean energy.,"19,087",,"17,105"
Wildgrain,https://www.crunchbase.com/organization/wildgrain,2025-08-08,Venture - Series Unknown,"Boston, Massachusetts, United States",For Profit,Active,"Delivery, Food and Beverage","Wildgrain delivers artisanal, ready-to-bake bread, pasta, and pastries right to your door.","19,121",,"17,132"
SportsVisio,https://www.crunchbase.com/organization/sports-visio,2025-06-18,Seed,"Boston, Massachusetts, United States",For Profit,Active,"Artificial Intelligence (AI), Computer Vision, Information Technology, Sports","An AI‑powered, mobile‑first sports analytics platform using computer vision to generate player stats, insights and automated highlights.","19,249",,"17,249"
Koala Health,https://www.crunchbase.com/organization/koala-health,2025-05-07,Series B,"Boston, Massachusetts, United States",For Profit,Active,"Consumer Goods, Health Care, Pet",Koala Health provides medications and health products for pet needs.,"19,387",,"17,374"
Ampersand Biomedicines,https://www.crunchbase.com/organization/ampersand-biomedicines,2025-03-19,Series B,"Boston, Massachusetts, United States",For Profit,Active,"Biopharma, Biotechnology, Medical, Therapeutics",Ampersand Biomedicines is a multi-product platform that develops programmable medicines that target disease sites precisely.,"19,462",,"17,447"
Axal,https://www.crunchbase.com/organization/axal-82e5,2024-10-31,Pre-Seed,"Boston, Massachusetts, United States",For Profit,Active,Web3,Axal is an automated stablecoin savings provider.,"19,749",,"17,708"
GC Therapeutics,https://www.crunchbase.com/organization/gc-therapeutics,2024-09-19,Series A,"Boston, Massachusetts, United States",For Profit,Active,"Biotechnology, Life Science, Therapeutics",GC Therapeutics uses synthetic biology to program patient-derived stem cells into various cell types in an efficient and scalable manner.,"19,830",,"17,784"
Synquery,https://www.crunchbase.com/organization/synquery,2025-05-01,Seed,"Boston, Massachusetts, United States",For Profit,Active,"Artificial Intelligence (AI), Information Services, Real Time",Synquery is a platform for connecting users with human expertise through real-time communication and AI-assisted tools.,"20,135",,"18,057"
Keragon,https://www.crunchbase.com/organization/keragon,2025-02-12,Seed,"Boston, Massachusetts, United States",For Profit,Active,Health Care,HIPAA-compliant workflow automation platform.,"20,358",,"18,270"
Marveri,https://www.crunchbase.com/organization/marveri,2025-05-05,Seed,"Cambridge, Massachusetts, United States",For Profit,Active,"Artificial Intelligence (AI), Information Technology, Legal Tech, Machine Learning, Software",Marveri is a tech company focused on revolutionizing corporate and transactional work.,"20,553",,"18,454"
Surgicure Technologies,https://www.crunchbase.com/organization/surgicure-technologies,2025-03-12,Seed,"Cambridge, Massachusetts, United States",For Profit,Active,"Biotechnology, Health Care, Medical, Medical Device",Surgicure is a start-up company that is dedicated to building effective medical instruments to prevent unnecessary harm.,"20,597",,"18,493"
Ayble Health,https://www.crunchbase.com/organization/ayble-health,2024-09-16,Seed,"Boston, Massachusetts, United States",For Profit,Active,"Health Care, Personal Health",Ayble is a clinically-backed digital health platform that provides holistic care for people with GI conditions.,"20,873",,"18,749"
Marigold Health,https://www.crunchbase.com/organization/marigold-health,2025-01-02,Venture - Series Unknown,"Boston, Massachusetts, United States",For Profit,Active,"Artificial Intelligence (AI), Health Care, Health Diagnostics, Medical, Natural Language Processing, Psychology",Marigold Health uses chat support groups to make substance use treatment more engaging and personalized for vulnerable populations.,"21,142",,"18,994"
Chloris Geospatial,https://www.crunchbase.com/organization/chloris-geospatial,2025-06-30,Series A,"Boston, Massachusetts, United States",For Profit,Active,"Natural Resources, Satellite Communication",Chloris Geospatial is able to provide answers today to critical natural capital issues.,"21,335",,"19,174"
Hillstar Bio,https://www.crunchbase.com/organization/hillstar-bio,2025-03-25,Series A,"Boston, Massachusetts, United States",For Profit,Active,"Biotechnology, Health Care, Medical",Hillstar Bio is developing precision immunotherapies to treat autoimmune diseases.,"21,337",,"19,176"
Amplitude Vascular Systems,https://www.crunchbase.com/organization/amplitude-vascular-systems,2025-01-28,Series B,"Boston, Massachusetts, United States",For Profit,Active,"Health Care, Medical, Medical Device",Amplitude Vascular Systems is a medical device company that treats calcified arterial disease.,"22,239",,"20,026"
VerAI Discoveries,https://www.crunchbase.com/organization/verai-discoveries,2025-02-26,Series B,"Boston, Massachusetts, United States",For Profit,Active,"Artificial Intelligence (AI), Asset Management, Machine Learning, Mineral, Mining Technology, Natural Resources, Precious Metals",VerAI Discoveries is an AI-driven mineral asset portfolio company that uses AI and machine learning to identify concealed mineral deposits.,"22,959",,"20,691"
Pison,https://www.crunchbase.com/organization/pison,2025-01-07,Venture - Series Unknown,"Boston, Massachusetts, United States",For Profit,Active,"Artificial Intelligence (AI), Health Diagnostics, Software",Pison is an AI-powered neural sensors for optimizing cognitive and physiological capability through gesture control.,"22,997",,"20,726"
Tandem,https://www.crunchbase.com/organization/tandem-f653,2025-02-24,Pre-Seed,"Cambridge, Massachusetts, United States",For Profit,Active,"Customer Service, Health Care, Information Technology, Pet, Veterinary","Tandem operates an integrated veterinary care platform that blends in-person, digital, and mobile services into a unified experience.","23,335",,"21,044"
Hike Medical,https://www.crunchbase.com/organization/hike-medical,2025-07-04,Seed,"Boston, Massachusetts, United States",For Profit,Active,"Computer Vision, Health Care, Machine Learning, Software","Hike is building the foot health platform—AI, 3D printing, and clinical tools powering care from jobsite to clinic to home.","23,378",,"21,083"
Orbit Technologies,https://www.crunchbase.com/organization/orbit-technologies-9771,2025-02-15,Seed,"Boston, Massachusetts, United States",For Profit,Active,"Biotechnology, Market Research, Neuroscience",Orbit Technologies develops non-invasive brain-computer interfaces to improve gaming and virtual reality experiences.,"23,605",,"21,291"
Lumia,https://www.crunchbase.com/organization/pre-health,2025-02-10,Venture - Series Unknown,"Boston, Massachusetts, United States",For Profit,Active,"Artificial Intelligence (AI), Medical, Sensor, Wearables",Continuous Blood Flow Monitoring. Built for Chronic Conditions.,"23,767",,"21,432"
Bluebird Kids Health,https://www.crunchbase.com/organization/bluebird-kids-health,2025-03-04,Series A,"Boston, Massachusetts, United States",For Profit,Active,"Health Care, Hospital",Bluebird Kids Health delivers superior treatment to help every kid grow.,"24,200",,"21,834"
Drug Hunter,https://www.crunchbase.com/organization/drug-hunter,2025-07-28,Seed,"Boston, Massachusetts, United States",For Profit,Active,"Biotechnology, Chemical Engineering, Database, Health Care, Life Science, Online Portals",Drug Hunter is a B2B subscription knowledge base for drug discovery scientists working in biotech and pharma R&D.,"24,444",,"22,060"
NeuroNOS,https://www.crunchbase.com/organization/neuronos,2025-03-24,Seed,"Boston, Massachusetts, United States",For Profit,Active,"Biopharma, Biotechnology, Medical",NeuroNOS is a company focused on developing innovative treatments for Autism Spectrum Disorder (ASD) and other neurological conditions.,"25,342",,"22,891"
DeNexus,https://www.crunchbase.com/organization/denexus,2024-10-16,Series A,"Boston, Massachusetts, United States",For Profit,Active,"Analytics, Cyber Security, InsurTech, Risk Management, SaaS",End-to-end cyber risk management solution for industrial sectors and critical infrastructures with Cyber-Physical Systems (CPS).,"25,442",,"22,983"
Convergent Therapeutics,https://www.crunchbase.com/organization/convergent-therapeutics,2024-09-24,Series A,"Cambridge, Massachusetts, United States",For Profit,Active,"Health Care, Medical, Pharmaceutical",Convergent Therapeutics is a pharmaceutical company that focuses on developing radiopharmaceutical therapies for prostate cancer.,"26,312",,"23,785"
Istari,https://www.crunchbase.com/organization/istari,2025-01-08,Venture - Series Unknown,"Cambridge, Massachusetts, United States",For Profit,Active,Software,Istari makes digital engineering ecosystems a reality where all technologies are created digitally.,"26,442",,"23,906"
Atacama Biomaterials,https://www.crunchbase.com/organization/atacama-biomaterials,2025-05-13,Seed,"Cambridge, Massachusetts, United States",For Profit,Active,"Advanced Materials, Artificial Intelligence (AI), CleanTech, Machine Learning, Packaging Services",Atacama Biomaterials is an AI driven biotech company that offers compostable and biodegradable plastic alternatives.,"26,611",,"24,062"
Ubicept,https://www.crunchbase.com/organization/ubicept,2025-06-24,Venture - Series Unknown,"Boston, Massachusetts, United States",For Profit,Active,"Computer Vision, Image Recognition, Software",Ubicept provides imaging solutions that enables to see in the dark and other challenging environments.,"26,735",,"24,179"
Naviday Health,https://www.crunchbase.com/organization/naviday-health,2025-04-01,Pre-Seed,"Boston, Massachusetts, United States",For Profit,Active,"Health Care, Personal Health, Wellness",AI Guided Care Plan and Consumer Health Record,"26,950",,"24,380"
Vanu,https://www.crunchbase.com/organization/vanu,2024-10-28,Venture - Series Unknown,"Cambridge, Massachusetts, United States",For Profit,Active,"Internet Radio, Software, Web Hosting, Wireless",Vanu develops and delivers software radio access network solutions for the wireless infrastructure industry.,"27,028",,"24,452"
Streamforge,https://www.crunchbase.com/organization/streamforge,2025-06-15,Seed,"Boston, Massachusetts, United States",For Profit,Active,"Advertising, Marketing, Video Games","Streamforge is the technology-first, turnkey solution for all of your influencer marketing needs.","28,043",,"25,386"
Delineate,https://www.crunchbase.com/organization/delineate-2fc6,2025-03-12,Pre-Seed,"Boston, Massachusetts, United States",For Profit,Active,"Artificial Intelligence (AI), Biotechnology, SaaS","Delineate offers evidence-based insights derived from research publications, patents, and databases to inform important business decisions.","28,077",,"25,416"
Monalee,https://www.crunchbase.com/organization/mona-lee-f807,2025-01-15,Venture - Series Unknown,"Boston, Massachusetts, United States",For Profit,Active,"Consumer, Renewable Energy, Solar",Monalee provides solar energy solutions focused on transparent pricing and customized system design.,"29,128",,"26,393"
Cork,https://www.crunchbase.com/organization/cork-9108,2025-01-14,Seed,"Boston, Massachusetts, United States",For Profit,Active,"Cyber Security, Service Industry",Cork provides cyber assurances to independent software vendors and managed service providers (MSPs) that serve small enterprises.,"29,583",,"26,811"
Acceleron Fusion,https://www.crunchbase.com/organization/acceleron-fusion,2024-12-03,Series A,"Cambridge, Massachusetts, United States",For Profit,Active,CleanTech,Acceleron Fusion provides clean energy solutions by using fusion technology.,"29,968",,"27,169"
CRABI Robotics,https://www.crunchbase.com/organization/crabi-robotics,2025-08-11,Seed,"Cambridge, Massachusetts, United States",For Profit,Active,"Manufacturing, Mechanical Engineering, Robotics",CRABI Robotics Engineering and Manufacturing firm developing cleaning machines for marine vessels and removel of biofouling.,"31,175",,"28,297"
Freckle,https://www.crunchbase.com/organization/freckle-b00d,2024-12-02,Pre-Seed,"Cambridge, Massachusetts, United States",For Profit,Active,"Data Management, Software",Freckle offers a data enrichment and research platform for non-technical users.,"31,445",,"28,544"
Lendica,https://www.crunchbase.com/organization/lendica-9415,2025-03-27,Series A,"Boston, Massachusetts, United States",For Profit,Active,"Financial Services, FinTech, Information Technology, Software",Lendica is a fintech company that offers an embedded finance platform that changes how SMBs access capital.,"32,310",,"29,343"
Lithios,https://www.crunchbase.com/organization/lithios,2024-10-08,Seed,"Cambridge, Massachusetts, United States",For Profit,Active,"Chemical, Chemical Engineering, Manufacturing",Lithios is a technology company that uses electrochemistry for advanced lithium extraction from tough mixtures.,"32,405",,"29,431"
Cala Systems,https://www.crunchbase.com/organization/altus-thermal,2025-06-03,Venture - Series Unknown,"Boston, Massachusetts, United States",For Profit,Active,"Energy, Energy Efficiency, Renewable Energy","We design, manufacture, and sell the world's first intelligent heat pump water heater.","32,620",,"29,632"
Etiome,https://www.crunchbase.com/organization/etiome,2025-04-24,Series A,"Cambridge, Massachusetts, United States",For Profit,Active,Biotechnology,"Etiome, a company redefining how we detect and preempt disease progression.","32,869",,"29,856"
AltrixBio,https://www.crunchbase.com/organization/altrixbio,2025-05-05,Venture - Series Unknown,"Cambridge, Massachusetts, United States",For Profit,Active,"Biotechnology, Medical, Pharmaceutical",AltrixBio is a pharmaceutical company focused on oral drug that replicates the metabolic success of bariatric surgery.,"34,504",,"31,385"
Tasca,https://www.crunchbase.com/organization/tasca-bf65,2024-12-10,Series A,"Boston, Massachusetts, United States",For Profit,Active,"Biopharma, Biotechnology, Health Care, Wellness",Tasca is a biotechnology company that offers small molecule drugs for hard-to-treat oncology indications.,"34,684",,"31,556"
Animerra,https://www.crunchbase.com/organization/animerra,2025-02-03,Seed,"Boston, Massachusetts, United States",For Profit,Active,"Biotechnology, Pharmaceutical, Veterinary",Animerra is a healthcare company.,"34,912",,"31,769"
Fabri,https://www.crunchbase.com/organization/fabri,2024-12-05,Seed,"Boston, Massachusetts, United States",For Profit,Active,"Manufacturing, Precious Metals, Software",Fabri is a software based investment casting startup that offers precision metal castings.,"35,015",,"31,862"
PhAST Diagnostics,https://www.crunchbase.com/organization/phast-diagnostics,2025-04-24,Venture - Series Unknown,"Cambridge, Massachusetts, United States",For Profit,Active,"Artificial Intelligence (AI), Biotechnology, Health Diagnostics, Medical",PhAST Diagnostics develops rapid diagnostic technology to provide actionable information on pathogens.,"35,633",,"32,443"
123 SEE,https://www.crunchbase.com/organization/123-see,2025-07-16,Venture - Series Unknown,"Boston, Massachusetts, United States",For Profit,Active,"Fitness, Health Care, Wellness",123 SEE wellness and fitness services company.,"35,896",,"32,693"
Prudentia Sciences,https://www.crunchbase.com/organization/prudentia-sciences,2025-01-09,Venture - Series Unknown,"Cambridge, Massachusetts, United States",For Profit,Active,"Artificial Intelligence (AI), Information Technology",Prudentia Sciences is a platform enables AI-powered Asset Diligence and Valuation to De-Risk Investment in Drug Development.,"36,307",,"33,086"
Wunderite,https://www.crunchbase.com/organization/wunderite,2025-05-14,Venture - Series Unknown,"Boston, Massachusetts, United States",For Profit,Active,"FinTech, Insurance, InsurTech, Software",Wunderite is an insuretech company that offers next-generation software for insurance agents.,"37,017",,"33,748"
Promakhos Therapeutics,https://www.crunchbase.com/organization/promakhos-therapeutics,2025-02-01,Venture - Series Unknown,"Boston, Massachusetts, United States",For Profit,Active,"Biotechnology, Health Care, Therapeutics",Promakhos Therapeutics provides a therapeutics platform for curing inflammatory disorders.,"37,160",,"33,883"
Newcase.ai,https://www.crunchbase.com/organization/newcase-ai,2025-09-02,Seed,"Cambridge, Massachusetts, United States",For Profit,Active,"Artificial Intelligence (AI), Legal, Software",Newcase.ai is a Software Development firm offering risk management solutions on liability cases.,"38,047",,"34,715"
SelfServe,https://www.crunchbase.com/organization/selfserve,2025-01-01,Pre-Seed,"Cambridge, Massachusetts, United States",For Profit,Active,"Enterprise Resource Planning (ERP), Enterprise Software, Hospitality, Information Technology, Software","SelfServe is the AI-powered ""front desk"" that enhances hospitality for guests, and analytics for operators.","38,685",,"35,300"
Cleo Robotics,https://www.crunchbase.com/organization/cleo-robotics,2025-07-16,Venture - Series Unknown,"Boston, Massachusetts, United States",For Profit,Active,"Drones, Robotics, Software",Cleo Robotics is a technology company developing unconventional robotic systems for safe operation indoors and around people.,"38,983",,"35,580"
Passkey,https://www.crunchbase.com/organization/passkey-2ed2,2024-10-22,Seed,"Cambridge, Massachusetts, United States",For Profit,Active,"Biotechnology, Pharmaceutical, Therapeutics","Passkey Therapeutics is pioneering a new class of medicines, Synergistic Multifunctional Therapeutics (SMThs).","39,436",,"36,007"
Cirrus Therapeutics,https://www.crunchbase.com/organization/cirrus-therapeutics,2025-08-19,Venture - Series Unknown,"Cambridge, Massachusetts, United States",For Profit,Active,"Biotechnology, Health Care, Wellness",Cirrus Therapeutics is a Biotechnology Research firm diganosing and treating eye diseases affecting ocular immune system.,"39,523",,"36,086"
Freya Biosciences,https://www.crunchbase.com/organization/freya-biosciences,2024-11-19,Series A,"Boston, Massachusetts, United States",For Profit,Active,"Life Science, Women's",Freya Biosciences is a clinical-stage women’s health company pioneering a new class of microbial immunotherapies.,"39,682",,"36,232"
Biometry,https://www.crunchbase.com/organization/biometry,2024-11-12,Seed,"Boston, Massachusetts, United States",For Profit,Active,"Analytics, Artificial Intelligence (AI), Biotechnology, Health Care, Medical Device, Software",Biometry is a predictive analytics and clinical oversight to manage asthma.,"40,194",,"36,707"
Quilt Health,https://www.crunchbase.com/organization/quilt-health,2025-06-17,Seed,"Boston, Massachusetts, United States",For Profit,Active,"Assisted Living, Health Care, Telehealth","Quilt Health is improving access to innovative treatments for rare and complex diseases, beginning with sickle cell disease.","40,503",,"36,999"
Mirai Bio,https://www.crunchbase.com/organization/mirai-bio,2024-09-26,Series A,"Cambridge, Massachusetts, United States",For Profit,Active,"Biopharma, Biotechnology, Pharmaceutical",Mirai Bio provides access to end-to-end development capabilities with innovation at every step.,"40,702",,"37,182"
GPx,https://www.crunchbase.com/organization/gpx,2024-11-12,Seed,"Boston, Massachusetts, United States",For Profit,Active,"Biotechnology, Health Care, Information Technology, Medical, Medical Device",GPx is a digital therapeutics company that revolutionizes remote chronic disease management with bloodless blood tests.,"41,151",,"37,599"
Enlaye,https://www.crunchbase.com/organization/enlaye,2024-10-01,Pre-Seed,"Boston, Massachusetts, United States",For Profit,Active,"Artificial Intelligence (AI), Information Technology, Software","Enlaye is a cloud-based platform for contract writing, negotiation, and deep collaboration.","42,433",,"38,819"
Basil Systems,https://www.crunchbase.com/organization/basil-systems-inc,2025-04-29,Venture - Series Unknown,"Boston, Massachusetts, United States",For Profit,Active,"Analytics, Artificial Intelligence (AI), Health Care, Machine Learning, Predictive Analytics, SaaS, Software",SaaS platform for healthcare companies,"42,620",,"38,994"
TriClick,https://www.crunchbase.com/organization/hill-research,2025-02-01,Seed,"Boston, Massachusetts, United States",For Profit,Active,"Generative AI, Health Care",Builds AI tools that support specific tasks in clinical trial planning and execution.,"42,658",,"39,031"
HYBRD,https://www.crunchbase.com/organization/hybrd,2024-12-04,Pre-Seed,"Boston, Massachusetts, United States",For Profit,Active,"Artificial Intelligence (AI), Fitness, Internet","HYBRD is a unified fitness platform for hybrid athletes, integrating wearables and AI to track cardio, strength, and holistic progress.","43,368",,"39,690"
Coolant,https://www.crunchbase.com/organization/coolant,2025-04-01,Seed,"Cambridge, Massachusetts, United States",For Profit,Active,Software,Coolant helps people measure how much carbon is stored in their trees with drones and computer vision.,"43,697",,"39,992"
Orreco,https://www.crunchbase.com/organization/orreco,2025-02-25,Venture - Series Unknown,"Cambridge, Massachusetts, United States",For Profit,Active,"Apps, Biotechnology, Health Care, Sports","Orreco provides biomarker analysis for athletes, federations, and professional franchises.","44,650",,"40,888"
Energetic Capital,https://www.crunchbase.com/organization/energetic-insurance-inc,2024-10-23,Venture - Series Unknown,"Boston, Massachusetts, United States",For Profit,Active,"Big Data, Clean Energy, CleanTech, Credit, Energy Efficiency, FinTech, Insurance, Renewable Energy, Risk Management, Software",Unlocking financing for clean energy solutions by underwriting credit risk for unrated or below investment grade organizations.,"45,211",,"41,426"
OPT Industries,https://www.crunchbase.com/organization/opt-industries,2025-02-11,Venture - Series Unknown,"Cambridge, Massachusetts, United States",For Profit,Active,Manufacturing,"OPT Industries is an advanced digital manufacturing suite, specializing in designing and mass-producing consumer products.","45,994",,"42,154"
Neutreeno,https://www.crunchbase.com/organization/neutreeno,2024-10-02,Seed,"Cambridge, Massachusetts, United States",For Profit,Active,Environmental Consulting,Neutreeno is a deep tech spinout from the University of Cambridge that engineers an intelligent decarbonization system.,"46,486",,"42,621"
Copernic Catalysts,https://www.crunchbase.com/organization/copernic-catalysts,2024-11-12,Seed,"Cambridge, Massachusetts, United States",For Profit,Active,"Chemical, Chemical Engineering, Oil and Gas",Copernic Catalysts develops sustainable chemical catalysts and processes.,"46,984",,"43,087"
High Time Foods,https://www.crunchbase.com/organization/high-time-foods,2025-05-08,Seed,"Boston, Massachusetts, United States",For Profit,Active,"Alternative Protein, Food and Beverage",High Time Foods provides shelf-stable and moldable plant-based meat alternatives to food-service operators.,"47,068",,"43,167"
ClearCut Surgical,https://www.crunchbase.com/organization/clearcut-surgical,2025-08-28,Seed,"Boston, Massachusetts, United States",For Profit,Active,"Health Care, Medical, Medical Device",ClearCut Surgical is a medical device company that offers electrocautery surgical tool with on-demand fluid suction.,"47,224",,"43,313"
Cephable,https://www.crunchbase.com/organization/cephable,2024-10-31,Seed,"Boston, Massachusetts, United States",For Profit,Active,"Artificial Intelligence (AI), Information Services, Information Technology, Internet",Cephable offers an ambient user interface platform that enables control of digital tools.,"47,754",,"43,816"
Freeze,https://www.crunchbase.com/organization/freeze-4d98,2025-01-30,Seed,"Boston, Massachusetts, United States",For Profit,Active,"Cyber Security, Privacy",Freeze is a proactive security technique that prevents assaults by denying hackers the necessary information.,"47,812",,"43,864"
Alyssum Therapeutics,https://www.crunchbase.com/organization/alyssum-therapeutics,2024-10-23,Series A,"Cambridge, Massachusetts, United States",For Profit,Active,"Biotechnology, Health Care, Product Research",Alyssum Therapeutics is a biotechnology company that focuses on developing next-generation immunotherapies to modulate B cells.,"47,894",,"43,942"
Muon Vision,https://www.crunchbase.com/organization/muon-vision,2025-01-09,Seed,"Cambridge, Massachusetts, United States",For Profit,Active,"Mining, Mining Technology, Sensor","Muon Vision specializes in nuclear imaging sensors, IoT, slope stability, and data mining services.","48,514",,"44,527"
AdvocateMH,https://www.crunchbase.com/organization/advocatemh,2025-03-12,Venture - Series Unknown,"Boston, Massachusetts, United States",For Profit,Active,"Health Care, Mental Health, SaaS",AdvocateMH is a mental healthcare company that offers a platform designed to connect patients with resources required for their treatment.,"48,676",,"44,683"
Dannce.ai,https://www.crunchbase.com/organization/dannce-ai,2024-11-21,Pre-Seed,"Boston, Massachusetts, United States",For Profit,Active,"Computer Vision, Health Care, Software",Building a better way to quantify neurological impairment,"48,718",,"44,721"
Impala,https://www.crunchbase.com/organization/chario,2025-07-15,Venture - Series Unknown,"Boston, Massachusetts, United States",For Profit,Active,"Analytics, Internet, Non Profit, Social Assistance, Social Network","Impala is an online platform for connecting nonprofit organizations, people, and information.","48,959",,"44,952"
Oligo,https://www.crunchbase.com/organization/oligo-4fd9,2025-05-29,Seed,"Cambridge, Massachusetts, United States",For Profit,Active,Space Travel,Oligo redefines lunar operations and orbit payload integration through Modular Reconfigurable Systems and Interfaces.,"49,620",,"45,569"
CircNova,https://www.crunchbase.com/organization/circnova,2025-02-21,Seed,"Cambridge, Massachusetts, United States",For Profit,Active,"Artificial Intelligence (AI), Biotechnology, Therapeutics","CircNova is a biotechnology company that utilizes AI to generate, analyze, and identify circular RNA for therapeutic development.","50,385",,"46,291"
DepositLink,https://www.crunchbase.com/organization/depositlink,2025-06-16,Venture - Series Unknown,"Boston, Massachusetts, United States",For Profit,Active,"FinTech, Mobile Payments, Real Estate, Web Apps",DepositLink is a digital solution for real estate companies and their agents to collect deposits and commissions electronically.,"51,416",,"47,275"
FeMMA,https://www.crunchbase.com/organization/femma,2025-06-27,Seed,"Cambridge, Massachusetts, United States",For Profit,Active,"Fitness, Information Technology, Internet, Social",FeMMA is a technology platform that connects women through workouts and social events inspired by Mixed Martial Arts.,"51,481",,"47,337"
Copley,https://www.crunchbase.com/organization/copley,2025-03-04,Pre-Seed,"Boston, Massachusetts, United States",For Profit,Active,"Artificial Intelligence (AI), Content, Content Syndication",Copley is an AI-based content optimization platform that provides content experimentation and optimization services.,"51,706",,"47,555"
SanaHeal,https://www.crunchbase.com/organization/sanaheal,2024-12-30,Seed,"Cambridge, Massachusetts, United States",For Profit,Active,"Health Care, Medical Device, Nutrition",SanaHeal provider of a bioadhesive tape designed to bind to tissues or organs,"51,976",,"47,809"
Affina,https://www.crunchbase.com/organization/affina-f69c,2025-03-31,Seed,"Boston, Massachusetts, United States",For Profit,Active,"Consumer, Loyalty Programs, Retail",Affina platform offers loyalty programs.,"53,032",,"48,801"
AstralBio,https://www.crunchbase.com/organization/astralbio,2024-12-19,Seed,"Boston, Massachusetts, United States",For Profit,Active,"Biopharma, Biotechnology, Medical",AstralBio is a biotechnology company that offers medicines to treat cardiometabolic and immune-mediated diseases.,"53,135",,"48,896"
Syndevrx,https://www.crunchbase.com/organization/syndevrx,2024-10-10,Venture - Series Unknown,"Cambridge, Massachusetts, United States",For Profit,Active,"Biotechnology, Health Care, Medical",SynDevRx develops polymer-based drug conjugates for small molecule drug activity.,"53,446",,"49,190"
Patrol AI,https://www.crunchbase.com/organization/patrol-ai,2024-12-06,Pre-Seed,"Boston, Massachusetts, United States",For Profit,Active,"Artificial Intelligence (AI), Marketing Automation, Service Industry",Patrol AI is an Digital Accessibility Service firm developing an automated platform for merchants.,"53,608",,"49,348"
Dynocardia,https://www.crunchbase.com/organization/dynocardia,2025-03-14,Venture - Series Unknown,"Cambridge, Massachusetts, United States",For Profit,Active,"Biotechnology, Health Care, Medical Device, Personal Health, Wearables, Wellness","Dynocardia is a medical device company that offers direct, beat-to-beat measurement of blood pressure that is wrist-wearable.","55,720",,"51,344"
Carna Health,https://www.crunchbase.com/organization/carna-health,2025-02-05,Seed,"Boston, Massachusetts, United States",For Profit,Active,"Biotechnology, Health Care, Health Diagnostics, Medical",Carna Health is a biotech company that brings common clinical whole blood tests into the comfort of the patient’s home.,"58,689",,"54,159"
Ledgebrook,https://www.crunchbase.com/organization/ledgebrook,2025-06-20,Series C,"Boston, Massachusetts, United States",For Profit,Active,"Commercial Insurance, Insurance, InsurTech",Modernizing Speciality Insurance,"61,044",,"56,378"
Connective Health,https://www.crunchbase.com/organization/connective-health,2024-10-09,Seed,"Boston, Massachusetts, United States",For Profit,Active,"Electronic Health Record (EHR), Health Care",Connective Health provides a clinical-grade summary along with real-time insights for every patient in the EHR.,"61,999",,"57,282"
Comma,https://www.crunchbase.com/organization/comma-017c,2025-02-05,Seed,"Boston, Massachusetts, United States",For Profit,Active,"Health Care, Sustainability, Wellness",Comma is a female-led integrated period care firm.,"63,833",,"58,989"
Boost Robotics,https://www.crunchbase.com/organization/boost-robotics,2025-08-27,Seed,"Boston, Massachusetts, United States",For Profit,Active,"Artificial Intelligence (AI), Infrastructure, Robotics",Boost Robotics builds autonomous mobile robots that perform manual tasks in data centers.,"63,922",,"59,074"
Equity Quotient,https://www.crunchbase.com/organization/equity-quotient,2024-09-16,Pre-Seed,"Boston, Massachusetts, United States",For Profit,Active,"Information Technology, Machine Learning, Social Impact","Equity Quotient is an IT company that offers artificial intelligence, machine learning, compliance, social impact, and measurement services.","64,452",,"59,572"
TeacherOn.com,https://www.crunchbase.com/organization/tutor-india,2025-03-11,Series A,"Boston, Massachusetts, United States",For Profit,Active,"E-Learning, EdTech, Education","TeacherOn.com is a free website, trusted by thousands of students and teachers, throughout the world.","65,430",,"60,509"
ReScale,https://www.crunchbase.com/organization/rescale-663d,2024-09-17,Seed,"Boston, Massachusetts, United States",For Profit,Active,"Information Technology, Software, Supply Chain Management",ReScale is a platform that provides genuine specialists to assist with co-manufacturing activities.,"66,382",,"61,405"
Other Half,https://www.crunchbase.com/organization/other-half,2025-06-17,Seed,"Boston, Massachusetts, United States",For Profit,Active,"Clinical Trials, Pet, Veterinary","Other Half focuses on producing clean-label, human-grade supplements for dogs, clinical validation, and ingredient quality.","67,310",,"62,284"
Difratech,https://www.crunchbase.com/organization/difratech,2025-05-16,Seed,"Boston, Massachusetts, United States",For Profit,Active,"Information Technology, SaaS, Software",Difratech is a company that offers technology services.,"67,651",,"62,611"
Northwind Climate,https://www.crunchbase.com/organization/northwind-climate,2025-04-01,Pre-Seed,"Boston, Massachusetts, United States",For Profit,Active,Analytics,Northwind Climate is a data-driven SaaS platform delivers proprietary business intelligence to companies.,"69,439",,"64,309"
Entheos Labs,https://www.crunchbase.com/organization/entheos-labs,2024-10-10,Seed,"Boston, Massachusetts, United States",For Profit,Active,"Health Care, Medical, Mental Health, Neuroscience",Entheos Labs advances psychedelic medicines to treat mental health conditions like schizophrenia and Alzheimer's disease.,"69,810",,"64,668"
Ghost Tequila,https://www.crunchbase.com/organization/ghost-tequila,2024-11-01,Venture - Series Unknown,"Boston, Massachusetts, United States",For Profit,Active,"Manufacturing, Sales, Wine And Spirits",Ghost Tequila engages in the manufacture and sale of spicy spirit products.,"69,860",,"64,717"
Vertical Horizons,https://www.crunchbase.com/organization/vertical-horizons,2025-03-04,Venture - Series Unknown,"Cambridge, Massachusetts, United States",For Profit,Active,"Artificial Intelligence (AI), Industrial Manufacturing, Power Grid",Vertical Horizons is a tech company that offers next generation power supply units for AI & HPC.,"70,817",,"65,633"
Topo Therapeutics,https://www.crunchbase.com/organization/topo-therapeutics,2024-12-31,Venture - Series Unknown,"Cambridge, Massachusetts, United States",For Profit,Active,"Biotechnology, Pharmaceutical",Topo Therapeutics offers expertise in structural biology and accelerates transmembrane protein drug discovery.,"72,406",,"67,136"
Anka Space Corp,https://www.crunchbase.com/organization/anka-space-corp,2025-04-21,Pre-Seed,"Boston, Massachusetts, United States",For Profit,Active,,Anka Space Corp is an aerospace company developing reusable rocket technology to make spaceflight more accessible and cost-effective.,"73,046",,"67,747"
Benchify,https://www.crunchbase.com/organization/benchify,2024-09-25,Pre-Seed,"Boston, Massachusetts, United States",For Profit,Active,"Information Technology, Software, Test and Measurement",Benchify is a software development firm offering review tool for the code that can help find bugs through testing.,"73,932",,"68,588"
Nodal,https://www.crunchbase.com/organization/nodal-f90a,2024-09-19,Pre-Seed,"Boston, Massachusetts, United States",For Profit,Active,"Internet, Professional Networking, Virtual Reality",Nodal is an IT firm making Virtual Assistant for port terminal operations.,"75,027",,"69,641"
Table Needs,https://www.crunchbase.com/organization/table-needs,2025-01-10,Seed,"Boston, Massachusetts, United States",For Profit,Active,"Restaurants, SaaS, Software",Table Needs is a SaaS company that offers a platform to streamline on-call interaction of customers for dining experiences.,"79,734",,"74,134"
Openly,https://www.crunchbase.com/organization/openly-inc,2025-01-30,Venture - Series Unknown,"Boston, Massachusetts, United States",For Profit,Active,"Auto Insurance, Commercial Insurance, Insurance, Life Insurance, Property Insurance","Openly is an insurance company that offers home insurance, life, and auto insurance services.","80,228",,"74,602"
Biological Lattice Industries,https://www.crunchbase.com/organization/biological-lattice-industries-corp,2024-10-18,Pre-Seed,"Boston, Massachusetts, United States",For Profit,Active,"Health Care, Manufacturing, Medical Device",Design & fabrication of implantable architected biomaterials that open new avenues for regenerative medicine.,"81,976",,"76,261"
Vocadian,https://www.crunchbase.com/organization/vocadian,2025-02-09,Pre-Seed,"Boston, Massachusetts, United States",For Profit,Active,"Artificial Intelligence (AI), Fitness, Health Care, SaaS, Wellness","Bringing predictive biorhythm management to deliver a safe, healthy and thriving workforce","82,625",,"76,888"
Sigmantic AI,https://www.crunchbase.com/organization/sigmantic-ai,2025-09-09,Pre-Seed,"Boston, Massachusetts, United States",For Profit,Active,"Artificial Intelligence (AI), Developer Platform, Developer Tools, Information Technology, Machine Learning, SaaS, Software",Sigmantic AI provides AI-powered tools for generating and debugging hardware description language.,"87,085",,"81,130"
cortekAI,https://www.crunchbase.com/organization/cortekai,2025-05-29,Seed,"Boston, Massachusetts, United States",For Profit,Active,,cortekAI is a stealth mode technology startup.,"87,612",,"81,635"
Propedix,https://www.crunchbase.com/organization/propedix-e19e,2024-11-21,Seed,"Boston, Massachusetts, United States",For Profit,Active,"Biopharma, Medical, Pharmaceutical",Propedix is a company that makes new medicines and health products to help people feel better.,"87,625",,"81,646"
Florey Biosciences,https://www.crunchbase.com/organization/florey-biosciences,2025-04-28,Seed,"Cambridge, Massachusetts, United States",For Profit,Active,"Analytics, Biopharma, Biotechnology",Florey Biosciences engineers probiotics using synthetic biology for human health.,"87,904",,"81,907"
Carmyn,https://www.crunchbase.com/organization/carmyn,2025-03-21,Seed,"Boston, Massachusetts, United States",For Profit,Active,"Delivery, Fuel, Oil and Gas",Carmyn is an oil and gas company that offers gasoline delivery services that brings fuel directly to your vehicle.,"91,485",,"85,332"
Invisible Hand,https://www.crunchbase.com/organization/invisible-hand,2024-12-06,Pre-Seed,"Boston, Massachusetts, United States",For Profit,Active,"Artificial Intelligence (AI), Information Technology, Market Research",Invisible Hand is an AI technology that empowers the world's top food merchants with the help of realtime analytics.,"92,157",,"85,983"
Manta,https://www.crunchbase.com/organization/manta-ae69,2025-06-27,Venture - Series Unknown,"Cambridge, Massachusetts, United States",For Profit,Active,"Artificial Intelligence (AI), Information Technology, Internet",Manta is the AI platform reinventing how organizations access and apply data science.,"92,647",,"86,456"
Quality Means Business,https://www.crunchbase.com/organization/quality-means-business,2025-03-27,Venture - Series Unknown,"Boston, Massachusetts, United States",For Profit,Active,"Biotechnology, Management Consulting, Medical Device, Pharmaceutical","Quality Means Business offers regulatory consulting for Medtech and Biotech, focusing on FDA submissions and Quality Systems.","93,398",,"87,183"
Handcraft Entertainment,https://www.crunchbase.com/organization/handcraft-entertainment,2025-03-05,Seed,"Boston, Massachusetts, United States",For Profit,Active,"Audio Recording and Production, Media and Entertainment, Music Label","Handcraft Entertainment is a record label, artist management, production and publishing company.","93,473",,"87,253"
Skynet,https://www.crunchbase.com/organization/skynet-f81b,2024-12-19,Pre-Seed,"Cambridge, Massachusetts, United States",For Profit,Active,"Artificial Intelligence (AI), Blockchain, Business Development",Skynet is a decentralised protocol that enables AI agents to access and pay for products and services around the world.,"93,819",,"87,582"
Cap8,https://www.crunchbase.com/organization/cap8,2025-06-10,Pre-Seed,"Boston, Massachusetts, United States",For Profit,Active,"Financial Services, Wealth Management","We are building the tech stack for the ETF era—ETF-native infrastructure that lets advisors analyze, design, and launch products in minutes.","96,471",,"90,112"
Neta,https://www.crunchbase.com/organization/netacarbon,2025-01-13,Seed,"Cambridge, Massachusetts, United States",For Profit,Active,"Environmental Consulting, Environmental Engineering, Sustainability",Neta is the product packaging intelligence platform for consumer brands and their packaging suppliers,"98,452",,"92,019"
Arches Medical Partners,https://www.crunchbase.com/organization/arches-medical-partners,2025-04-11,Seed,"Cambridge, Massachusetts, United States",For Profit,Active,"Health Care, Home Health Care, Primary and Urgent Care",Arches Medical Partners is a physician-owned medical platform delivering support to independent primary care practices.,"101,112",,"94,580"
Adaptive Reader,https://www.crunchbase.com/organization/adaptive-reader,2025-01-10,Pre-Seed,"Cambridge, Massachusetts, United States",For Profit,Active,"EdTech, Education",Adaptive Reader is a company that expands educational opportunities by translating books into many languages and reading levels.,"102,670",,"96,056"
Holobiome,https://www.crunchbase.com/organization/holobiome,2024-10-09,Seed,"Cambridge, Massachusetts, United States",For Profit,Active,"Health Care, Medical, Pharmaceutical, Therapeutics",Holobiome is an owner and operator of a therapeutic company intended to treat diseases of the enteric and central nervous systems.,"103,351",,"96,712"
Nine Diagnostics,https://www.crunchbase.com/organization/nine-diagnostics,2024-10-01,Pre-Seed,"Cambridge, Massachusetts, United States",For Profit,Active,"Health Care, Health Diagnostics, Medical, Medical Device, Oncology, Precision Medicine",Functional Precision Medicine by Design. A faster path to the most effective treatment.,"104,443",,"97,768"
Laminr,https://www.crunchbase.com/organization/laminr,2025-03-09,Pre-Seed,"Boston, Massachusetts, United States",For Profit,Active,"Aerospace, Space Travel",Laminr is an aerospace company that designs and manufactures altitude-adaptive dynamic rocket engine nozzles for efficient propulsion.,"105,479",,"98,747"
Perceptive,https://www.crunchbase.com/organization/cyberdontics,2025-07-07,Venture - Series Unknown,"Boston, Massachusetts, United States",For Profit,Active,"Dental, Manufacturing, Medical Device, Product Design","Perceptive specializes in the design, development, and manufacturing of medical devices for the dentistry industry.","105,735",,"98,988"
JumpStart Fertility,https://www.crunchbase.com/organization/jumpstart-fertility-9de3,2025-06-09,Venture - Series Unknown,"Boston, Massachusetts, United States",For Profit,Active,"Fertility, Health Care",Jumpstart Fertility aims to increase the health of egg cells and restore fertility.,"111,393",,"104,425"
Elevate Youth Development,https://www.crunchbase.com/organization/elevate-youth-development,2025-01-15,Venture - Series Unknown,"Cambridge, Massachusetts, United States",For Profit,Active,"Personal Development, Recreation, Sports","Elevate Youth Development offers a range of activities, including physical development, life skills training, and mentoring opportunities.","112,406",,"105,398"
Earthbond,https://www.crunchbase.com/organization/earthbond,2024-10-22,Pre-Seed,"Cambridge, Massachusetts, United States",For Profit,Active,Financial Services,Earthbond is a Leverage the collective power of your neighborhood for better pricing and financing options.,"121,708",,"114,332"
Miga,https://www.crunchbase.com/organization/miga-0fd4,2025-07-11,Venture - Series Unknown,"Boston, Massachusetts, United States",For Profit,Active,"Information Technology, SaaS, Software",Miga is a company that offers technology services.,"127,125",,"119,553"
Runesoul,https://www.crunchbase.com/organization/runesoul,2024-11-30,Seed,"Boston, Massachusetts, United States",For Profit,Active,"Gamification, Gaming, Online Games",Runesoul is a gamefi and social networking platform that focuses on graphic elements.,"130,686",,"122,977"
Zeta Surgical,https://www.crunchbase.com/organization/zeta-surgical,2025-01-21,Series A,"Boston, Massachusetts, United States",For Profit,Active,"Artificial Intelligence (AI), Augmented Reality, Health Care, Medical Device, Robotics",Zeta Surgical offers a navigation and robotics platform for advanced AI to enable high-accuracy image guidance.,"132,682",,"124,902"
r4,https://www.crunchbase.com/organization/r4-a133,2025-01-17,Seed,"Boston, Massachusetts, United States",For Profit,Active,"Consulting, Information Technology, Software","r4 is a modern web application, It is designed to be used by developers, project managers, and executives.","133,627",,"125,806"
Workplay,https://www.crunchbase.com/organization/workplay-6dc1,2024-09-20,Pre-Seed,"Boston, Massachusetts, United States",For Profit,Active,"Finance, Financial Services, FinTech, Personal Finance","Workplay is a personal finance app that helps users budget, track goals, negotiate bills, and manage subscriptions.","137,629",,"129,660"
Wohlsein,https://www.crunchbase.com/organization/wohlsein,2025-05-28,Pre-Seed,"Boston, Massachusetts, United States",For Profit,Active,"Business Travel, Health Care, Personal Health, Travel",Health and Wellness for Frequent Travellers,"138,004",,"130,021"
FHIR Engine,https://www.crunchbase.com/organization/fhir-engine,2025-03-19,Seed,"Boston, Massachusetts, United States",For Profit,Active,"Artificial Intelligence (AI), Health Care",FHIR Engine is a health technology company that provides AI solutions for utilization management and treatment decision support.,"138,136",,"130,147"
Absentia Labs,https://www.crunchbase.com/organization/absentia-labs,2025-08-22,Pre-Seed,"Boston, Massachusetts, United States",For Profit,Active,"Artificial Intelligence (AI), Biotechnology, Intelligent Systems, Life Science",We are building a new pipeline to discovery and test drugs,"141,543",,"133,419"
MorphoAI,https://www.crunchbase.com/organization/morphoai,2025-06-11,Pre-Seed,"Cambridge, Massachusetts, United States",For Profit,Active,"Artificial Intelligence (AI), Manufacturing, Robotics, Software","MorphoAI is a software tool that allows users to design, generate and identify robots and machines.","144,555",,"136,313"
Bramante Biologics,https://www.crunchbase.com/organization/bramante-biologics,2025-06-11,Pre-Seed,"Cambridge, Massachusetts, United States",For Profit,Active,"Artificial Intelligence (AI), Biotechnology, Manufacturing",Bramante Biologics is a biotechnology research company that manufactures AI-powered protein.,"158,087",,"149,337"
RenaBio Therapeutics,https://www.crunchbase.com/organization/renabio-therapeutics,2025-02-26,Seed,"Boston, Massachusetts, United States",For Profit,Active,"Biotechnology, Health Care, Wellness",RenaBio Therapeutics is a company that offers healthcare services.,"158,520",,"149,758"
Novus Technologies,https://www.crunchbase.com/organization/novus-technologies-inc-5709,2024-10-01,Seed,"Boston, Massachusetts, United States",For Profit,Active,"Artificial Intelligence (AI), SaaS, Software",Novus Technologies is a software firm that offers AI integration to elevate workflows and boost system capabilities across businesses.,"162,730",,"153,836"
Asta Bio,https://www.crunchbase.com/organization/asta-bio,2024-09-16,Seed,"Boston, Massachusetts, United States",For Profit,Active,"Biotechnology, Health Care, Medical, Medical Device, Therapeutics",Asta Bio is the developer of radiotherapeutics intended for cancer patients and offers technology by combining 211-Astatine.,"174,746",,"165,390"
Dystr,https://www.crunchbase.com/organization/dystr,2024-10-01,Venture - Series Unknown,"Boston, Massachusetts, United States",For Profit,Active,Software,Dystr is an AI powered engineering console,"196,855",,"186,587"
Global Impact Assessment,https://www.crunchbase.com/organization/global-impact-assessment,2024-10-23,Pre-Seed,"Cambridge, Massachusetts, United States",For Profit,Active,"Consulting, Enterprise Resource Planning (ERP), Environmental Consulting, SaaS, Social Impact","Global Impact Assessment built an AI platform for assessing, measuring, monitoring, evaluating and forecasting impacts across industries.","204,739",,"194,118"
Minset AI,https://www.crunchbase.com/organization/minset-ai,2025-05-21,Seed,"Boston, Massachusetts, United States",For Profit,Active,"Artificial Intelligence (AI), Health Care",Agentic AI for Healthcare Revenue Cycle Management,"205,505",,"194,849"
Clippable,https://www.crunchbase.com/organization/clippable,2025-06-13,Pre-Seed,"Boston, Massachusetts, United States",For Profit,Active,"Advertising, Artificial Intelligence (AI), Computer, Information Technology, Marketing, Social Media, Social Media Marketing, Software","Clippable simplifies content distribution, empowering brands to scale their presence effortlessly.","246,282",,"233,439"
Magnendo,https://www.crunchbase.com/organization/magnendo,2025-02-11,Pre-Seed,"Cambridge, Massachusetts, United States",For Profit,Active,"Manufacturing, Medical Device, Neuroscience",Magnendo is developing robotics technology to make brain neurotherapy procedures faster and safer.,"258,325",,"244,764"
Stratagen Bio,https://www.crunchbase.com/organization/stratagen-bio,2024-12-10,Seed,"Cambridge, Massachusetts, United States",For Profit,Active,"Health Care, Medical Device",Stratagen Bio is committed to developing high impact technologies to enable clinicians to make more informed treatment decisions.,"279,922",,"265,065"
NuCyRNA Therapeutics,https://www.crunchbase.com/organization/nucyrna-therapeutics,2024-10-30,Seed,"Boston, Massachusetts, United States",For Profit,Active,Biotechnology,"NuCyRNA Therapeuticsis a RNA-targeting therapeutics based on a novel oligonucleotide platform, with an initial focus on CNS diseases.","282,664",,"267,673"
FlipThrough,https://www.crunchbase.com/organization/flipthrough,2024-11-01,Pre-Seed,"Boston, Massachusetts, United States",For Profit,Active,"Artificial Intelligence (AI), Generative AI, IT Management, Procurement, SaaS",Autonomous Agreement Management and Proposal Negotiation for Procurement,"284,819",,"269,690"
PhenoML,https://www.crunchbase.com/organization/phenoml,2025-03-10,Seed,"Boston, Massachusetts, United States",For Profit,Active,"Artificial Intelligence (AI), Clinical Trials, Health Care","PhenoML improves clinical decisions and automates workflows with secure, scalable healthcare AI tools.","288,138",,"272,823"
Foundry BioSciences,https://www.crunchbase.com/organization/foundry-biosciences,2025-07-02,Pre-Seed,"Boston, Massachusetts, United States",For Profit,Active,"Biotechnology, Health Care, Life Science, Pharmaceutical",Foundry Bio is a generative AI protein design platform.,"289,439",,"274,049"
Forth Therapeutics,https://www.crunchbase.com/organization/forth-therapeutics,2025-03-18,Seed,"Cambridge, Massachusetts, United States",For Profit,Active,Biotechnology,Forth Therapeutics is a pioneering precision therapeutics that target the underlying mechanisms driving fibrosis.,"290,395",,"274,959"
IVU Biologics,https://www.crunchbase.com/organization/ivu-biologics,2025-01-21,Seed,"Cambridge, Massachusetts, United States",For Profit,Active,"Agriculture, AgTech, Information Technology, Software",IVU Biologics is a Biotechnology firm offering a platform for agricultural technology to improve harvests.,"375,914",,"356,353"
OptoIntel,https://www.crunchbase.com/organization/optointel,2025-05-23,Seed,"Cambridge, Massachusetts, United States",For Profit,Active,"Health Care, Medical, Medical Device","OptoIntel is a medtech firm that provides AI-powered oculomics to detect diseases early, improve timely, and efficient care.","1,003,974",,"965,952"
Northeast Strategic Solutions,https://www.crunchbase.com/organization/northeast-strategic-solutions,2025-05-09,Seed,"Boston, Massachusetts, United States",For Profit,Active,"Content Marketing, Digital Media, Marketing, Publishing, Real Estate",Real Estate Content Publishing,"1,336,936",,"1,292,795"